sample	sample_id	unit	platform	library	flowcell	lane	fq1	fq2
s001	23N00549	1	ILLUMINA	Lib-L240036090	HY75HDSX2	L240036090	/scratch/alpine/ericacnr@colostate.edu/GCRF_Pub/01.fastq_processing/raw_data/01.RawData/R_23N00549/R_23N00549_CKDL240036090-1A_22HNCJLT4_L7_1.fq.gz	NA
s002	23N00549	1	ILLUMINA	Lib-L240036090	HY75HDSX2	L240036090	NA	/scratch/alpine/ericacnr@colostate.edu/GCRF_Pub/01.fastq_processing/raw_data/01.RawData/R_23N00549/R_23N00549_CKDL240036090-1A_22HNCJLT4_L7_2.fq.gz
s003	23N00461	1	ILLUMINA	Lib-L230023567	HY75HDSX2	L230023567	NA	/scratch/alpine/ericacnr@colostate.edu/GCRF_Pub/01.fastq_processing/raw_data/01.RawData/Z23N00461/Z23N00461_CKDL230023567-1A_HGLGKDSX7_L4_2.fq.gz
s004	23N00461	1	ILLUMINA	Lib-L230023567	HY75HDSX2	L230023567	/scratch/alpine/ericacnr@colostate.edu/GCRF_Pub/01.fastq_processing/raw_data/01.RawData/Z23N00461/Z23N00461_CKDL230023567-1A_HGLGKDSX7_L4_1.fq.gz	NA
s005	23N00451	1	ILLUMINA	Lib-L230023567	HY75HDSX2	L230023567	/scratch/alpine/ericacnr@colostate.edu/GCRF_Pub/01.fastq_processing/raw_data/01.RawData/Z23N00451/Z23N00451_CKDL230023567-1A_HGLGKDSX7_L4_1.fq.gz	NA
s006	23N00451	1	ILLUMINA	Lib-L230023567	HY75HDSX2	L230023567	NA	/scratch/alpine/ericacnr@colostate.edu/GCRF_Pub/01.fastq_processing/raw_data/01.RawData/Z23N00451/Z23N00451_CKDL230023567-1A_HGLGKDSX7_L4_2.fq.gz
s007	19N00142	1	ILLUMINA	Lib-L240036090	HY75HDSX2	L240036090	NA	/scratch/alpine/ericacnr@colostate.edu/GCRF_Pub/01.fastq_processing/raw_data/01.RawData/R_19N00142/R_19N00142_CKDL240036090-1A_22HNCJLT4_L7_2.fq.gz
s008	19N00142	1	ILLUMINA	Lib-L240036090	HY75HDSX2	L240036090	/scratch/alpine/ericacnr@colostate.edu/GCRF_Pub/01.fastq_processing/raw_data/01.RawData/R_19N00142/R_19N00142_CKDL240036090-1A_22HNCJLT4_L7_1.fq.gz	NA
s009	23N00506	1	ILLUMINA	Lib-L230023567	HY75HDSX2	L230023567	NA	/scratch/alpine/ericacnr@colostate.edu/GCRF_Pub/01.fastq_processing/raw_data/01.RawData/Z23N00506/Z23N00506_CKDL230023567-1A_HGLGKDSX7_L4_2.fq.gz
s010	23N00506	1	ILLUMINA	Lib-L230023567	HY75HDSX2	L230023567	/scratch/alpine/ericacnr@colostate.edu/GCRF_Pub/01.fastq_processing/raw_data/01.RawData/Z23N00506/Z23N00506_CKDL230023567-1A_HGLGKDSX7_L4_1.fq.gz	NA
s011	23N00500	1	ILLUMINA	Lib-L230023567	HY75HDSX2	L230023567	/scratch/alpine/ericacnr@colostate.edu/GCRF_Pub/01.fastq_processing/raw_data/01.RawData/Z23N00500/Z23N00500_CKDL230023567-1A_HGLGKDSX7_L4_1.fq.gz	NA
s012	23N00500	1	ILLUMINA	Lib-L230023567	HY75HDSX2	L230023567	NA	/scratch/alpine/ericacnr@colostate.edu/GCRF_Pub/01.fastq_processing/raw_data/01.RawData/Z23N00500/Z23N00500_CKDL230023567-1A_HGLGKDSX7_L4_2.fq.gz
s013	23N00521	1	ILLUMINA	Lib-L240036090	HY75HDSX2	L240036090	/scratch/alpine/ericacnr@colostate.edu/GCRF_Pub/01.fastq_processing/raw_data/01.RawData/R_23N00521/R_23N00521_CKDL240036090-1A_22HNCJLT4_L7_1.fq.gz	NA
s014	23N00521	1	ILLUMINA	Lib-L240036090	HY75HDSX2	L240036090	NA	/scratch/alpine/ericacnr@colostate.edu/GCRF_Pub/01.fastq_processing/raw_data/01.RawData/R_23N00521/R_23N00521_CKDL240036090-1A_22HNCJLT4_L7_2.fq.gz
s015	23N00468	1	ILLUMINA	Lib-L230023567	HY75HDSX2	L230023567	/scratch/alpine/ericacnr@colostate.edu/GCRF_Pub/01.fastq_processing/raw_data/01.RawData/Z23N00468/Z23N00468_CKDL230023567-1A_HGLGKDSX7_L4_1.fq.gz	NA
s016	23N00468	1	ILLUMINA	Lib-L230023567	HY75HDSX2	L230023567	NA	/scratch/alpine/ericacnr@colostate.edu/GCRF_Pub/01.fastq_processing/raw_data/01.RawData/Z23N00468/Z23N00468_CKDL230023567-1A_HGLGKDSX7_L4_2.fq.gz
s017	23N00497	1	ILLUMINA	Lib-L230023567	HY75HDSX2	L230023567	NA	/scratch/alpine/ericacnr@colostate.edu/GCRF_Pub/01.fastq_processing/raw_data/01.RawData/Z23N00497/Z23N00497_CKDL230023567-1A_HGLGKDSX7_L4_2.fq.gz
s018	23N00497	1	ILLUMINA	Lib-L230023567	HY75HDSX2	L230023567	/scratch/alpine/ericacnr@colostate.edu/GCRF_Pub/01.fastq_processing/raw_data/01.RawData/Z23N00497/Z23N00497_CKDL230023567-1A_HGLGKDSX7_L4_1.fq.gz	NA
s019	23N00460	1	ILLUMINA	Lib-L230023567	HY75HDSX2	L230023567	/scratch/alpine/ericacnr@colostate.edu/GCRF_Pub/01.fastq_processing/raw_data/01.RawData/Z23N00460/Z23N00460_CKDL230023567-1A_HGLGKDSX7_L4_1.fq.gz	NA
s020	23N00460	1	ILLUMINA	Lib-L230023567	HY75HDSX2	L230023567	NA	/scratch/alpine/ericacnr@colostate.edu/GCRF_Pub/01.fastq_processing/raw_data/01.RawData/Z23N00460/Z23N00460_CKDL230023567-1A_HGLGKDSX7_L4_2.fq.gz
s021	23N00496	1	ILLUMINA	Lib-L230023567	HY75HDSX2	L230023567	NA	/scratch/alpine/ericacnr@colostate.edu/GCRF_Pub/01.fastq_processing/raw_data/01.RawData/Z23N00496/Z23N00496_CKDL230023567-1A_HGLGKDSX7_L4_2.fq.gz
s022	23N00496	1	ILLUMINA	Lib-L230023567	HY75HDSX2	L230023567	/scratch/alpine/ericacnr@colostate.edu/GCRF_Pub/01.fastq_processing/raw_data/01.RawData/Z23N00496/Z23N00496_CKDL230023567-1A_HGLGKDSX7_L4_1.fq.gz	NA
s023	23N00474	1	ILLUMINA	Lib-L230023567	HY75HDSX2	L230023567	NA	/scratch/alpine/ericacnr@colostate.edu/GCRF_Pub/01.fastq_processing/raw_data/01.RawData/Z23N00474/Z23N00474_CKDL230023567-1A_HGLGKDSX7_L4_2.fq.gz
s024	23N00474	1	ILLUMINA	Lib-L230023567	HY75HDSX2	L230023567	/scratch/alpine/ericacnr@colostate.edu/GCRF_Pub/01.fastq_processing/raw_data/01.RawData/Z23N00474/Z23N00474_CKDL230023567-1A_HGLGKDSX7_L4_1.fq.gz	NA
s025	23N00467	1	ILLUMINA	Lib-L230023567	HY75HDSX2	L230023567	NA	/scratch/alpine/ericacnr@colostate.edu/GCRF_Pub/01.fastq_processing/raw_data/01.RawData/Z23N00467/Z23N00467_CKDL230023567-1A_HGLGKDSX7_L4_2.fq.gz
s026	23N00467	1	ILLUMINA	Lib-L230023567	HY75HDSX2	L230023567	/scratch/alpine/ericacnr@colostate.edu/GCRF_Pub/01.fastq_processing/raw_data/01.RawData/Z23N00467/Z23N00467_CKDL230023567-1A_HGLGKDSX7_L4_1.fq.gz	NA
s027	19N00122	1	ILLUMINA	Lib-L240036090	HY75HDSX2	L240036090	NA	/scratch/alpine/ericacnr@colostate.edu/GCRF_Pub/01.fastq_processing/raw_data/01.RawData/R_19N00122/R_19N00122_CKDL240036090-1A_22HNCJLT4_L7_2.fq.gz
s028	19N00122	1	ILLUMINA	Lib-L240036090	HY75HDSX2	L240036090	/scratch/alpine/ericacnr@colostate.edu/GCRF_Pub/01.fastq_processing/raw_data/01.RawData/R_19N00122/R_19N00122_CKDL240036090-1A_22HNCJLT4_L7_1.fq.gz	NA
s029	23N00507	1	ILLUMINA	Lib-L230023567	HY75HDSX2	L230023567	NA	/scratch/alpine/ericacnr@colostate.edu/GCRF_Pub/01.fastq_processing/raw_data/01.RawData/Z23N00507/Z23N00507_CKDL230023567-1A_HGLGKDSX7_L4_2.fq.gz
s030	23N00507	1	ILLUMINA	Lib-L230023567	HY75HDSX2	L230023567	/scratch/alpine/ericacnr@colostate.edu/GCRF_Pub/01.fastq_processing/raw_data/01.RawData/Z23N00507/Z23N00507_CKDL230023567-1A_HGLGKDSX7_L4_1.fq.gz	NA
s031	23N00493	1	ILLUMINA	Lib-L230023567	HY75HDSX2	L230023567	/scratch/alpine/ericacnr@colostate.edu/GCRF_Pub/01.fastq_processing/raw_data/01.RawData/Z23N00493/Z23N00493_CKDL230023567-1A_HGLGKDSX7_L4_1.fq.gz	NA
s032	23N00493	1	ILLUMINA	Lib-L230023567	HY75HDSX2	L230023567	NA	/scratch/alpine/ericacnr@colostate.edu/GCRF_Pub/01.fastq_processing/raw_data/01.RawData/Z23N00493/Z23N00493_CKDL230023567-1A_HGLGKDSX7_L4_2.fq.gz
s033	23N00533	1	ILLUMINA	Lib-L240036090	HY75HDSX2	L240036090	NA	/scratch/alpine/ericacnr@colostate.edu/GCRF_Pub/01.fastq_processing/raw_data/01.RawData/R_23N00533/R_23N00533_CKDL240036090-1A_22HNCJLT4_L7_2.fq.gz
s034	23N00533	1	ILLUMINA	Lib-L240036090	HY75HDSX2	L240036090	/scratch/alpine/ericacnr@colostate.edu/GCRF_Pub/01.fastq_processing/raw_data/01.RawData/R_23N00533/R_23N00533_CKDL240036090-1A_22HNCJLT4_L7_1.fq.gz	NA
s035	23N00466	1	ILLUMINA	Lib-L230023567	HY75HDSX2	L230023567	/scratch/alpine/ericacnr@colostate.edu/GCRF_Pub/01.fastq_processing/raw_data/01.RawData/Z23N00466/Z23N00466_CKDL230023567-1A_HGLGKDSX7_L4_1.fq.gz	NA
s036	23N00466	1	ILLUMINA	Lib-L230023567	HY75HDSX2	L230023567	NA	/scratch/alpine/ericacnr@colostate.edu/GCRF_Pub/01.fastq_processing/raw_data/01.RawData/Z23N00466/Z23N00466_CKDL230023567-1A_HGLGKDSX7_L4_2.fq.gz
s037	23N00457	1	ILLUMINA	Lib-L230023567	HY75HDSX2	L230023567	/scratch/alpine/ericacnr@colostate.edu/GCRF_Pub/01.fastq_processing/raw_data/01.RawData/Z23N00457/Z23N00457_CKDL230023567-1A_HGLGKDSX7_L4_1.fq.gz	NA
s038	23N00457	1	ILLUMINA	Lib-L230023567	HY75HDSX2	L230023567	NA	/scratch/alpine/ericacnr@colostate.edu/GCRF_Pub/01.fastq_processing/raw_data/01.RawData/Z23N00457/Z23N00457_CKDL230023567-1A_HGLGKDSX7_L4_2.fq.gz
s039	19N00129	1	ILLUMINA	Lib-L240036090	HY75HDSX2	L240036090	NA	/scratch/alpine/ericacnr@colostate.edu/GCRF_Pub/01.fastq_processing/raw_data/01.RawData/R_19N00129/R_19N00129_CKDL240036090-1A_22HNCJLT4_L7_2.fq.gz
s040	19N00129	1	ILLUMINA	Lib-L240036090	HY75HDSX2	L240036090	/scratch/alpine/ericacnr@colostate.edu/GCRF_Pub/01.fastq_processing/raw_data/01.RawData/R_19N00129/R_19N00129_CKDL240036090-1A_22HNCJLT4_L7_1.fq.gz	NA
s041	23N00465	1	ILLUMINA	Lib-L230023567	HY75HDSX2	L230023567	/scratch/alpine/ericacnr@colostate.edu/GCRF_Pub/01.fastq_processing/raw_data/01.RawData/Z23N00465/Z23N00465_CKDL230023567-1A_HGLGKDSX7_L4_1.fq.gz	NA
s042	23N00465	1	ILLUMINA	Lib-L230023567	HY75HDSX2	L230023567	NA	/scratch/alpine/ericacnr@colostate.edu/GCRF_Pub/01.fastq_processing/raw_data/01.RawData/Z23N00465/Z23N00465_CKDL230023567-1A_HGLGKDSX7_L4_2.fq.gz
s043	19N00138	1	ILLUMINA	Lib-L240036090	HY75HDSX2	L240036090	/scratch/alpine/ericacnr@colostate.edu/GCRF_Pub/01.fastq_processing/raw_data/01.RawData/R_19N00138/R_19N00138_CKDL240036090-1A_22HNCJLT4_L7_1.fq.gz	NA
s044	19N00138	1	ILLUMINA	Lib-L240036090	HY75HDSX2	L240036090	NA	/scratch/alpine/ericacnr@colostate.edu/GCRF_Pub/01.fastq_processing/raw_data/01.RawData/R_19N00138/R_19N00138_CKDL240036090-1A_22HNCJLT4_L7_2.fq.gz
s045	23N00471	1	ILLUMINA	Lib-L230023567	HY75HDSX2	L230023567	NA	/scratch/alpine/ericacnr@colostate.edu/GCRF_Pub/01.fastq_processing/raw_data/01.RawData/Z23N00471/Z23N00471_CKDL230023567-1A_HGLGKDSX7_L4_2.fq.gz
s046	23N00471	1	ILLUMINA	Lib-L230023567	HY75HDSX2	L230023567	/scratch/alpine/ericacnr@colostate.edu/GCRF_Pub/01.fastq_processing/raw_data/01.RawData/Z23N00471/Z23N00471_CKDL230023567-1A_HGLGKDSX7_L4_1.fq.gz	NA
s047	23N00551	1	ILLUMINA	Lib-L240036090	HY75HDSX2	L240036090	/scratch/alpine/ericacnr@colostate.edu/GCRF_Pub/01.fastq_processing/raw_data/01.RawData/R_23N00551/R_23N00551_CKDL240036090-1A_22HNCJLT4_L7_1.fq.gz	NA
s048	23N00551	1	ILLUMINA	Lib-L240036090	HY75HDSX2	L240036090	NA	/scratch/alpine/ericacnr@colostate.edu/GCRF_Pub/01.fastq_processing/raw_data/01.RawData/R_23N00551/R_23N00551_CKDL240036090-1A_22HNCJLT4_L7_2.fq.gz
s049	23N00447	1	ILLUMINA	Lib-L230023567	HY75HDSX2	L230023567	NA	/scratch/alpine/ericacnr@colostate.edu/GCRF_Pub/01.fastq_processing/raw_data/01.RawData/Z23N00447/Z23N00447_CKDL230023567-1A_HGLGKDSX7_L4_2.fq.gz
s050	23N00447	1	ILLUMINA	Lib-L230023567	HY75HDSX2	L230023567	/scratch/alpine/ericacnr@colostate.edu/GCRF_Pub/01.fastq_processing/raw_data/01.RawData/Z23N00447/Z23N00447_CKDL230023567-1A_HGLGKDSX7_L4_1.fq.gz	NA
s051	23N00540	1	ILLUMINA	Lib-L240036090	HY75HDSX2	L240036090	/scratch/alpine/ericacnr@colostate.edu/GCRF_Pub/01.fastq_processing/raw_data/01.RawData/R_23N00540/R_23N00540_CKDL240036090-1A_22HNCJLT4_L7_1.fq.gz	NA
s052	23N00540	1	ILLUMINA	Lib-L240036090	HY75HDSX2	L240036090	NA	/scratch/alpine/ericacnr@colostate.edu/GCRF_Pub/01.fastq_processing/raw_data/01.RawData/R_23N00540/R_23N00540_CKDL240036090-1A_22HNCJLT4_L7_2.fq.gz
s053	19N00134	1	ILLUMINA	Lib-L240036090	HY75HDSX2	L240036090	NA	/scratch/alpine/ericacnr@colostate.edu/GCRF_Pub/01.fastq_processing/raw_data/01.RawData/R_19N00134/R_19N00134_CKDL240036090-1A_22HNCJLT4_L7_2.fq.gz
s054	19N00134	1	ILLUMINA	Lib-L240036090	HY75HDSX2	L240036090	/scratch/alpine/ericacnr@colostate.edu/GCRF_Pub/01.fastq_processing/raw_data/01.RawData/R_19N00134/R_19N00134_CKDL240036090-1A_22HNCJLT4_L7_1.fq.gz	NA
s055	23N00472	1	ILLUMINA	Lib-L230023567	HY75HDSX2	L230023567	NA	/scratch/alpine/ericacnr@colostate.edu/GCRF_Pub/01.fastq_processing/raw_data/01.RawData/Z23N00472/Z23N00472_CKDL230023567-1A_HGLGKDSX7_L4_2.fq.gz
s056	23N00472	1	ILLUMINA	Lib-L230023567	HY75HDSX2	L230023567	/scratch/alpine/ericacnr@colostate.edu/GCRF_Pub/01.fastq_processing/raw_data/01.RawData/Z23N00472/Z23N00472_CKDL230023567-1A_HGLGKDSX7_L4_1.fq.gz	NA
s057	23N00485	1	ILLUMINA	Lib-L230023567	HY75HDSX2	L230023567	NA	/scratch/alpine/ericacnr@colostate.edu/GCRF_Pub/01.fastq_processing/raw_data/01.RawData/Z23N00485/Z23N00485_CKDL230023567-1A_HGLGKDSX7_L4_2.fq.gz
s058	23N00485	1	ILLUMINA	Lib-L230023567	HY75HDSX2	L230023567	/scratch/alpine/ericacnr@colostate.edu/GCRF_Pub/01.fastq_processing/raw_data/01.RawData/Z23N00485/Z23N00485_CKDL230023567-1A_HGLGKDSX7_L4_1.fq.gz	NA
s059	23N00515	1	ILLUMINA	Lib-L240036090	HY75HDSX2	L240036090	/scratch/alpine/ericacnr@colostate.edu/GCRF_Pub/01.fastq_processing/raw_data/01.RawData/R_23N00515/R_23N00515_CKDL240036090-1A_22HNCJLT4_L7_1.fq.gz	NA
s060	23N00515	1	ILLUMINA	Lib-L240036090	HY75HDSX2	L240036090	NA	/scratch/alpine/ericacnr@colostate.edu/GCRF_Pub/01.fastq_processing/raw_data/01.RawData/R_23N00515/R_23N00515_CKDL240036090-1A_22HNCJLT4_L7_2.fq.gz
s061	23N00453	1	ILLUMINA	Lib-L230023567	HY75HDSX2	L230023567	NA	/scratch/alpine/ericacnr@colostate.edu/GCRF_Pub/01.fastq_processing/raw_data/01.RawData/Z23N00453/Z23N00453_CKDL230023567-1A_HGLGKDSX7_L4_2.fq.gz
s062	23N00453	1	ILLUMINA	Lib-L230023567	HY75HDSX2	L230023567	/scratch/alpine/ericacnr@colostate.edu/GCRF_Pub/01.fastq_processing/raw_data/01.RawData/Z23N00453/Z23N00453_CKDL230023567-1A_HGLGKDSX7_L4_1.fq.gz	NA
s063	23N00536	1	ILLUMINA	Lib-L240036090	HY75HDSX2	L240036090	NA	/scratch/alpine/ericacnr@colostate.edu/GCRF_Pub/01.fastq_processing/raw_data/01.RawData/R_23N00536/R_23N00536_CKDL240036090-1A_22HNCJLT4_L7_2.fq.gz
s064	23N00536	1	ILLUMINA	Lib-L240036090	HY75HDSX2	L240036090	/scratch/alpine/ericacnr@colostate.edu/GCRF_Pub/01.fastq_processing/raw_data/01.RawData/R_23N00536/R_23N00536_CKDL240036090-1A_22HNCJLT4_L7_1.fq.gz	NA
s065	23N00425	1	ILLUMINA	Lib-L230023567	HY75HDSX2	L230023567	/scratch/alpine/ericacnr@colostate.edu/GCRF_Pub/01.fastq_processing/raw_data/01.RawData/Z23N00425/Z23N00425_CKDL230023567-1A_HGLGKDSX7_L4_1.fq.gz	NA
s066	23N00425	1	ILLUMINA	Lib-L230023567	HY75HDSX2	L230023567	NA	/scratch/alpine/ericacnr@colostate.edu/GCRF_Pub/01.fastq_processing/raw_data/01.RawData/Z23N00425/Z23N00425_CKDL230023567-1A_HGLGKDSX7_L4_2.fq.gz
s067	23N00469	1	ILLUMINA	Lib-L230023567	HY75HDSX2	L230023567	NA	/scratch/alpine/ericacnr@colostate.edu/GCRF_Pub/01.fastq_processing/raw_data/01.RawData/Z23N00469/Z23N00469_CKDL230023567-1A_HGLGKDSX7_L4_2.fq.gz
s068	23N00469	1	ILLUMINA	Lib-L230023567	HY75HDSX2	L230023567	/scratch/alpine/ericacnr@colostate.edu/GCRF_Pub/01.fastq_processing/raw_data/01.RawData/Z23N00469/Z23N00469_CKDL230023567-1A_HGLGKDSX7_L4_1.fq.gz	NA
s069	23N00459	1	ILLUMINA	Lib-L230023567	HY75HDSX2	L230023567	NA	/scratch/alpine/ericacnr@colostate.edu/GCRF_Pub/01.fastq_processing/raw_data/01.RawData/Z23N00459/Z23N00459_CKDL230023567-1A_HGLGKDSX7_L4_2.fq.gz
s070	23N00459	1	ILLUMINA	Lib-L230023567	HY75HDSX2	L230023567	/scratch/alpine/ericacnr@colostate.edu/GCRF_Pub/01.fastq_processing/raw_data/01.RawData/Z23N00459/Z23N00459_CKDL230023567-1A_HGLGKDSX7_L4_1.fq.gz	NA
s071	23N00437	1	ILLUMINA	Lib-L230023567	HY75HDSX2	L230023567	/scratch/alpine/ericacnr@colostate.edu/GCRF_Pub/01.fastq_processing/raw_data/01.RawData/Z23N00437/Z23N00437_CKDL230023567-1A_HGLGKDSX7_L4_1.fq.gz	NA
s072	23N00437	1	ILLUMINA	Lib-L230023567	HY75HDSX2	L230023567	NA	/scratch/alpine/ericacnr@colostate.edu/GCRF_Pub/01.fastq_processing/raw_data/01.RawData/Z23N00437/Z23N00437_CKDL230023567-1A_HGLGKDSX7_L4_2.fq.gz
s073	23N00550	1	ILLUMINA	Lib-L240036090	HY75HDSX2	L240036090	/scratch/alpine/ericacnr@colostate.edu/GCRF_Pub/01.fastq_processing/raw_data/01.RawData/R_23N00550/R_23N00550_CKDL240036090-1A_22HNCJLT4_L7_1.fq.gz	NA
s074	23N00550	1	ILLUMINA	Lib-L240036090	HY75HDSX2	L240036090	NA	/scratch/alpine/ericacnr@colostate.edu/GCRF_Pub/01.fastq_processing/raw_data/01.RawData/R_23N00550/R_23N00550_CKDL240036090-1A_22HNCJLT4_L7_2.fq.gz
s075	23N00422	1	ILLUMINA	Lib-L230023567	HY75HDSX2	L230023567	NA	/scratch/alpine/ericacnr@colostate.edu/GCRF_Pub/01.fastq_processing/raw_data/01.RawData/Z23N00422/Z23N00422_CKDL230023567-1A_HGLGKDSX7_L4_2.fq.gz
s076	23N00422	1	ILLUMINA	Lib-L230023567	HY75HDSX2	L230023567	/scratch/alpine/ericacnr@colostate.edu/GCRF_Pub/01.fastq_processing/raw_data/01.RawData/Z23N00422/Z23N00422_CKDL230023567-1A_HGLGKDSX7_L4_1.fq.gz	NA
s077	23N00501	1	ILLUMINA	Lib-L230023567	HY75HDSX2	L230023567	NA	/scratch/alpine/ericacnr@colostate.edu/GCRF_Pub/01.fastq_processing/raw_data/01.RawData/Z23N00501/Z23N00501_CKDL230023567-1A_HGLGKDSX7_L4_2.fq.gz
s078	23N00501	1	ILLUMINA	Lib-L230023567	HY75HDSX2	L230023567	/scratch/alpine/ericacnr@colostate.edu/GCRF_Pub/01.fastq_processing/raw_data/01.RawData/Z23N00501/Z23N00501_CKDL230023567-1A_HGLGKDSX7_L4_1.fq.gz	NA
s079	23N00514	1	ILLUMINA	Lib-L240036090	HY75HDSX2	L240036090	/scratch/alpine/ericacnr@colostate.edu/GCRF_Pub/01.fastq_processing/raw_data/01.RawData/R_23N00514/R_23N00514_CKDL240036090-1A_22HNCJLT4_L7_1.fq.gz	NA
s080	23N00514	1	ILLUMINA	Lib-L240036090	HY75HDSX2	L240036090	NA	/scratch/alpine/ericacnr@colostate.edu/GCRF_Pub/01.fastq_processing/raw_data/01.RawData/R_23N00514/R_23N00514_CKDL240036090-1A_22HNCJLT4_L7_2.fq.gz
s081	23N00479	1	ILLUMINA	Lib-L230023567	HY75HDSX2	L230023567	NA	/scratch/alpine/ericacnr@colostate.edu/GCRF_Pub/01.fastq_processing/raw_data/01.RawData/Z23N00479/Z23N00479_CKDL230023567-1A_HGLGKDSX7_L4_2.fq.gz
s082	23N00479	1	ILLUMINA	Lib-L230023567	HY75HDSX2	L230023567	/scratch/alpine/ericacnr@colostate.edu/GCRF_Pub/01.fastq_processing/raw_data/01.RawData/Z23N00479/Z23N00479_CKDL230023567-1A_HGLGKDSX7_L4_1.fq.gz	NA
s083	23N00538	1	ILLUMINA	Lib-L240036090	HY75HDSX2	L240036090	/scratch/alpine/ericacnr@colostate.edu/GCRF_Pub/01.fastq_processing/raw_data/01.RawData/R_23N00538/R_23N00538_CKDL240036090-1A_22HNCJLT4_L7_1.fq.gz	NA
s084	23N00538	1	ILLUMINA	Lib-L240036090	HY75HDSX2	L240036090	NA	/scratch/alpine/ericacnr@colostate.edu/GCRF_Pub/01.fastq_processing/raw_data/01.RawData/R_23N00538/R_23N00538_CKDL240036090-1A_22HNCJLT4_L7_2.fq.gz
s085	23N00462	1	ILLUMINA	Lib-L230023567	HY75HDSX2	L230023567	NA	/scratch/alpine/ericacnr@colostate.edu/GCRF_Pub/01.fastq_processing/raw_data/01.RawData/Z23N00462/Z23N00462_CKDL230023567-1A_HGLGKDSX7_L4_2.fq.gz
s086	23N00462	1	ILLUMINA	Lib-L230023567	HY75HDSX2	L230023567	/scratch/alpine/ericacnr@colostate.edu/GCRF_Pub/01.fastq_processing/raw_data/01.RawData/Z23N00462/Z23N00462_CKDL230023567-1A_HGLGKDSX7_L4_1.fq.gz	NA
s087	23N00556	1	ILLUMINA	Lib-L240036090	HY75HDSX2	L240036090	NA	/scratch/alpine/ericacnr@colostate.edu/GCRF_Pub/01.fastq_processing/raw_data/01.RawData/R_23N00556/R_23N00556_CKDL240036090-1A_22HNCJLT4_L7_2.fq.gz
s088	23N00556	1	ILLUMINA	Lib-L240036090	HY75HDSX2	L240036090	/scratch/alpine/ericacnr@colostate.edu/GCRF_Pub/01.fastq_processing/raw_data/01.RawData/R_23N00556/R_23N00556_CKDL240036090-1A_22HNCJLT4_L7_1.fq.gz	NA
s089	23N00526	1	ILLUMINA	Lib-L240036090	HY75HDSX2	L240036090	NA	/scratch/alpine/ericacnr@colostate.edu/GCRF_Pub/01.fastq_processing/raw_data/01.RawData/R_23N00526/R_23N00526_CKDL240036090-1A_22HNCJLT4_L7_2.fq.gz
s090	23N00526	1	ILLUMINA	Lib-L240036090	HY75HDSX2	L240036090	/scratch/alpine/ericacnr@colostate.edu/GCRF_Pub/01.fastq_processing/raw_data/01.RawData/R_23N00526/R_23N00526_CKDL240036090-1A_22HNCJLT4_L7_1.fq.gz	NA
s091	23N00529	1	ILLUMINA	Lib-L240036090	HY75HDSX2	L240036090	NA	/scratch/alpine/ericacnr@colostate.edu/GCRF_Pub/01.fastq_processing/raw_data/01.RawData/R_23N00529/R_23N00529_CKDL240036090-1A_22HNCJLT4_L7_2.fq.gz
s092	23N00529	1	ILLUMINA	Lib-L240036090	HY75HDSX2	L240036090	/scratch/alpine/ericacnr@colostate.edu/GCRF_Pub/01.fastq_processing/raw_data/01.RawData/R_23N00529/R_23N00529_CKDL240036090-1A_22HNCJLT4_L7_1.fq.gz	NA
s093	23N00539	1	ILLUMINA	Lib-L240036090	HY75HDSX2	L240036090	NA	/scratch/alpine/ericacnr@colostate.edu/GCRF_Pub/01.fastq_processing/raw_data/01.RawData/R_23N00539/R_23N00539_CKDL240036090-1A_22HNCJLT4_L7_2.fq.gz
s094	23N00539	1	ILLUMINA	Lib-L240036090	HY75HDSX2	L240036090	/scratch/alpine/ericacnr@colostate.edu/GCRF_Pub/01.fastq_processing/raw_data/01.RawData/R_23N00539/R_23N00539_CKDL240036090-1A_22HNCJLT4_L7_1.fq.gz	NA
s095	23N00446	1	ILLUMINA	Lib-L230023567	HY75HDSX2	L230023567	NA	/scratch/alpine/ericacnr@colostate.edu/GCRF_Pub/01.fastq_processing/raw_data/01.RawData/Z23N00446/Z23N00446_CKDL230023567-1A_HGLGKDSX7_L4_2.fq.gz
s096	23N00446	1	ILLUMINA	Lib-L230023567	HY75HDSX2	L230023567	/scratch/alpine/ericacnr@colostate.edu/GCRF_Pub/01.fastq_processing/raw_data/01.RawData/Z23N00446/Z23N00446_CKDL230023567-1A_HGLGKDSX7_L4_1.fq.gz	NA
s097	23N00544	1	ILLUMINA	Lib-L240036090	HY75HDSX2	L240036090	NA	/scratch/alpine/ericacnr@colostate.edu/GCRF_Pub/01.fastq_processing/raw_data/01.RawData/R_23N00544/R_23N00544_CKDL240036090-1A_22HNCJLT4_L7_2.fq.gz
s098	23N00544	1	ILLUMINA	Lib-L240036090	HY75HDSX2	L240036090	/scratch/alpine/ericacnr@colostate.edu/GCRF_Pub/01.fastq_processing/raw_data/01.RawData/R_23N00544/R_23N00544_CKDL240036090-1A_22HNCJLT4_L7_1.fq.gz	NA
s099	23N00543	1	ILLUMINA	Lib-L240036090	HY75HDSX2	L240036090	/scratch/alpine/ericacnr@colostate.edu/GCRF_Pub/01.fastq_processing/raw_data/01.RawData/R_23N00543/R_23N00543_CKDL240036090-1A_22HNCJLT4_L7_1.fq.gz	NA
s100	23N00543	1	ILLUMINA	Lib-L240036090	HY75HDSX2	L240036090	NA	/scratch/alpine/ericacnr@colostate.edu/GCRF_Pub/01.fastq_processing/raw_data/01.RawData/R_23N00543/R_23N00543_CKDL240036090-1A_22HNCJLT4_L7_2.fq.gz
s101	23N00440	1	ILLUMINA	Lib-L230023567	HY75HDSX2	L230023567	NA	/scratch/alpine/ericacnr@colostate.edu/GCRF_Pub/01.fastq_processing/raw_data/01.RawData/Z23N00440/Z23N00440_CKDL230023567-1A_HGLGKDSX7_L4_2.fq.gz
s102	23N00440	1	ILLUMINA	Lib-L230023567	HY75HDSX2	L230023567	/scratch/alpine/ericacnr@colostate.edu/GCRF_Pub/01.fastq_processing/raw_data/01.RawData/Z23N00440/Z23N00440_CKDL230023567-1A_HGLGKDSX7_L4_1.fq.gz	NA
s103	23N00444	1	ILLUMINA	Lib-L230023567	HY75HDSX2	L230023567	/scratch/alpine/ericacnr@colostate.edu/GCRF_Pub/01.fastq_processing/raw_data/01.RawData/Z23N00444/Z23N00444_CKDL230023567-1A_HGLGKDSX7_L4_1.fq.gz	NA
s104	23N00444	1	ILLUMINA	Lib-L230023567	HY75HDSX2	L230023567	NA	/scratch/alpine/ericacnr@colostate.edu/GCRF_Pub/01.fastq_processing/raw_data/01.RawData/Z23N00444/Z23N00444_CKDL230023567-1A_HGLGKDSX7_L4_2.fq.gz
s105	24N13196	1	ILLUMINA	Lib-L240036090	HY75HDSX2	L240036090	/scratch/alpine/ericacnr@colostate.edu/GCRF_Pub/01.fastq_processing/raw_data/01.RawData/R_24N13196/R_24N13196_CKDL240036090-1A_22HNCJLT4_L7_1.fq.gz	NA
s106	24N13196	1	ILLUMINA	Lib-L240036090	HY75HDSX2	L240036090	NA	/scratch/alpine/ericacnr@colostate.edu/GCRF_Pub/01.fastq_processing/raw_data/01.RawData/R_24N13196/R_24N13196_CKDL240036090-1A_22HNCJLT4_L7_2.fq.gz
s107	24N13197	1	ILLUMINA	Lib-L240036090	HY75HDSX2	L240036090	NA	/scratch/alpine/ericacnr@colostate.edu/GCRF_Pub/01.fastq_processing/raw_data/01.RawData/R_24N13197/R_24N13197_CKDL240036090-1A_22HNCJLT4_L7_2.fq.gz
s108	24N13197	1	ILLUMINA	Lib-L240036090	HY75HDSX2	L240036090	/scratch/alpine/ericacnr@colostate.edu/GCRF_Pub/01.fastq_processing/raw_data/01.RawData/R_24N13197/R_24N13197_CKDL240036090-1A_22HNCJLT4_L7_1.fq.gz	NA
s109	23N00528	1	ILLUMINA	Lib-L240036090	HY75HDSX2	L240036090	NA	/scratch/alpine/ericacnr@colostate.edu/GCRF_Pub/01.fastq_processing/raw_data/01.RawData/R_23N00528/R_23N00528_CKDL240036090-1A_22HNCJLT4_L7_2.fq.gz
s110	23N00528	1	ILLUMINA	Lib-L240036090	HY75HDSX2	L240036090	/scratch/alpine/ericacnr@colostate.edu/GCRF_Pub/01.fastq_processing/raw_data/01.RawData/R_23N00528/R_23N00528_CKDL240036090-1A_22HNCJLT4_L7_1.fq.gz	NA
s111	23N00452	1	ILLUMINA	Lib-L230023567	HY75HDSX2	L230023567	NA	/scratch/alpine/ericacnr@colostate.edu/GCRF_Pub/01.fastq_processing/raw_data/01.RawData/Z23N00452/Z23N00452_CKDL230023567-1A_HGLGKDSX7_L4_2.fq.gz
s112	23N00452	1	ILLUMINA	Lib-L230023567	HY75HDSX2	L230023567	/scratch/alpine/ericacnr@colostate.edu/GCRF_Pub/01.fastq_processing/raw_data/01.RawData/Z23N00452/Z23N00452_CKDL230023567-1A_HGLGKDSX7_L4_1.fq.gz	NA
s113	23N00475	1	ILLUMINA	Lib-L230023567	HY75HDSX2	L230023567	/scratch/alpine/ericacnr@colostate.edu/GCRF_Pub/01.fastq_processing/raw_data/01.RawData/Z23N00475/Z23N00475_CKDL230023567-1A_HGLGKDSX7_L4_1.fq.gz	NA
s114	23N00475	1	ILLUMINA	Lib-L230023567	HY75HDSX2	L230023567	NA	/scratch/alpine/ericacnr@colostate.edu/GCRF_Pub/01.fastq_processing/raw_data/01.RawData/Z23N00475/Z23N00475_CKDL230023567-1A_HGLGKDSX7_L4_2.fq.gz
s115	23N00491	1	ILLUMINA	Lib-L230023567	HY75HDSX2	L230023567	NA	/scratch/alpine/ericacnr@colostate.edu/GCRF_Pub/01.fastq_processing/raw_data/01.RawData/Z23N00491/Z23N00491_CKDL230023567-1A_HGLGKDSX7_L4_2.fq.gz
s116	23N00491	1	ILLUMINA	Lib-L230023567	HY75HDSX2	L230023567	/scratch/alpine/ericacnr@colostate.edu/GCRF_Pub/01.fastq_processing/raw_data/01.RawData/Z23N00491/Z23N00491_CKDL230023567-1A_HGLGKDSX7_L4_1.fq.gz	NA
s117	23N00480	1	ILLUMINA	Lib-L230023567	HY75HDSX2	L230023567	NA	/scratch/alpine/ericacnr@colostate.edu/GCRF_Pub/01.fastq_processing/raw_data/01.RawData/Z23N00480/Z23N00480_CKDL230023567-1A_HGLGKDSX7_L4_2.fq.gz
s118	23N00480	1	ILLUMINA	Lib-L230023567	HY75HDSX2	L230023567	/scratch/alpine/ericacnr@colostate.edu/GCRF_Pub/01.fastq_processing/raw_data/01.RawData/Z23N00480/Z23N00480_CKDL230023567-1A_HGLGKDSX7_L4_1.fq.gz	NA
s119	23N00547	1	ILLUMINA	Lib-L240036090	HY75HDSX2	L240036090	NA	/scratch/alpine/ericacnr@colostate.edu/GCRF_Pub/01.fastq_processing/raw_data/01.RawData/R_23N00547/R_23N00547_CKDL240036090-1A_22HNCJLT4_L7_2.fq.gz
s120	23N00547	1	ILLUMINA	Lib-L240036090	HY75HDSX2	L240036090	/scratch/alpine/ericacnr@colostate.edu/GCRF_Pub/01.fastq_processing/raw_data/01.RawData/R_23N00547/R_23N00547_CKDL240036090-1A_22HNCJLT4_L7_1.fq.gz	NA
s121	23N00508	1	ILLUMINA	Lib-L230023567	HY75HDSX2	L230023567	/scratch/alpine/ericacnr@colostate.edu/GCRF_Pub/01.fastq_processing/raw_data/01.RawData/Z23N00508/Z23N00508_CKDL230023567-1A_HGLGKDSX7_L4_1.fq.gz	NA
s122	23N00508	1	ILLUMINA	Lib-L230023567	HY75HDSX2	L230023567	NA	/scratch/alpine/ericacnr@colostate.edu/GCRF_Pub/01.fastq_processing/raw_data/01.RawData/Z23N00508/Z23N00508_CKDL230023567-1A_HGLGKDSX7_L4_2.fq.gz
s123	23N00553	1	ILLUMINA	Lib-L240036090	HY75HDSX2	L240036090	/scratch/alpine/ericacnr@colostate.edu/GCRF_Pub/01.fastq_processing/raw_data/01.RawData/R_23N00553/R_23N00553_CKDL240036090-1A_22HNCJLT4_L7_1.fq.gz	NA
s124	23N00553	1	ILLUMINA	Lib-L240036090	HY75HDSX2	L240036090	NA	/scratch/alpine/ericacnr@colostate.edu/GCRF_Pub/01.fastq_processing/raw_data/01.RawData/R_23N00553/R_23N00553_CKDL240036090-1A_22HNCJLT4_L7_2.fq.gz
s125	23N00441	1	ILLUMINA	Lib-L230023567	HY75HDSX2	L230023567	NA	/scratch/alpine/ericacnr@colostate.edu/GCRF_Pub/01.fastq_processing/raw_data/01.RawData/Z23N00441/Z23N00441_CKDL230023567-1A_HGLGKDSX7_L4_2.fq.gz
s126	23N00441	1	ILLUMINA	Lib-L230023567	HY75HDSX2	L230023567	/scratch/alpine/ericacnr@colostate.edu/GCRF_Pub/01.fastq_processing/raw_data/01.RawData/Z23N00441/Z23N00441_CKDL230023567-1A_HGLGKDSX7_L4_1.fq.gz	NA
s127	19N00133	1	ILLUMINA	Lib-L240036090	HY75HDSX2	L240036090	NA	/scratch/alpine/ericacnr@colostate.edu/GCRF_Pub/01.fastq_processing/raw_data/01.RawData/R_19N00133/R_19N00133_CKDL240036090-1A_22HNCJLT4_L7_2.fq.gz
s128	19N00133	1	ILLUMINA	Lib-L240036090	HY75HDSX2	L240036090	/scratch/alpine/ericacnr@colostate.edu/GCRF_Pub/01.fastq_processing/raw_data/01.RawData/R_19N00133/R_19N00133_CKDL240036090-1A_22HNCJLT4_L7_1.fq.gz	NA
s129	23N00424	1	ILLUMINA	Lib-L230023567	HY75HDSX2	L230023567	/scratch/alpine/ericacnr@colostate.edu/GCRF_Pub/01.fastq_processing/raw_data/01.RawData/Z23N00424/Z23N00424_CKDL230023567-1A_HGLGKDSX7_L4_1.fq.gz	NA
s130	23N00424	1	ILLUMINA	Lib-L230023567	HY75HDSX2	L230023567	NA	/scratch/alpine/ericacnr@colostate.edu/GCRF_Pub/01.fastq_processing/raw_data/01.RawData/Z23N00424/Z23N00424_CKDL230023567-1A_HGLGKDSX7_L4_2.fq.gz
s131	23N00502	1	ILLUMINA	Lib-L230023567	HY75HDSX2	L230023567	NA	/scratch/alpine/ericacnr@colostate.edu/GCRF_Pub/01.fastq_processing/raw_data/01.RawData/Z23N00502/Z23N00502_CKDL230023567-1A_HGLGKDSX7_L4_2.fq.gz
s132	23N00502	1	ILLUMINA	Lib-L230023567	HY75HDSX2	L230023567	/scratch/alpine/ericacnr@colostate.edu/GCRF_Pub/01.fastq_processing/raw_data/01.RawData/Z23N00502/Z23N00502_CKDL230023567-1A_HGLGKDSX7_L4_1.fq.gz	NA
s133	23N00511	1	ILLUMINA	Lib-L230023567	HY75HDSX2	L230023567	NA	/scratch/alpine/ericacnr@colostate.edu/GCRF_Pub/01.fastq_processing/raw_data/01.RawData/Z23N00511/Z23N00511_CKDL230023567-1A_HGLGKDSX7_L4_2.fq.gz
s134	23N00511	1	ILLUMINA	Lib-L230023567	HY75HDSX2	L230023567	/scratch/alpine/ericacnr@colostate.edu/GCRF_Pub/01.fastq_processing/raw_data/01.RawData/Z23N00511/Z23N00511_CKDL230023567-1A_HGLGKDSX7_L4_1.fq.gz	NA
s135	23N00510	1	ILLUMINA	Lib-L230023567	HY75HDSX2	L230023567	/scratch/alpine/ericacnr@colostate.edu/GCRF_Pub/01.fastq_processing/raw_data/01.RawData/Z23N00510/Z23N00510_CKDL230023567-1A_HGLGKDSX7_L4_1.fq.gz	NA
s136	23N00510	1	ILLUMINA	Lib-L230023567	HY75HDSX2	L230023567	NA	/scratch/alpine/ericacnr@colostate.edu/GCRF_Pub/01.fastq_processing/raw_data/01.RawData/Z23N00510/Z23N00510_CKDL230023567-1A_HGLGKDSX7_L4_2.fq.gz
s137	23N00445	1	ILLUMINA	Lib-L230023567	HY75HDSX2	L230023567	/scratch/alpine/ericacnr@colostate.edu/GCRF_Pub/01.fastq_processing/raw_data/01.RawData/Z23N00445/Z23N00445_CKDL230023567-1A_HGLGKDSX7_L4_1.fq.gz	NA
s138	23N00445	1	ILLUMINA	Lib-L230023567	HY75HDSX2	L230023567	NA	/scratch/alpine/ericacnr@colostate.edu/GCRF_Pub/01.fastq_processing/raw_data/01.RawData/Z23N00445/Z23N00445_CKDL230023567-1A_HGLGKDSX7_L4_2.fq.gz
s139	23N00426	1	ILLUMINA	Lib-L230023567	HY75HDSX2	L230023567	NA	/scratch/alpine/ericacnr@colostate.edu/GCRF_Pub/01.fastq_processing/raw_data/01.RawData/Z23N00426/Z23N00426_CKDL230023567-1A_HGLGKDSX7_L4_2.fq.gz
s140	23N00426	1	ILLUMINA	Lib-L230023567	HY75HDSX2	L230023567	/scratch/alpine/ericacnr@colostate.edu/GCRF_Pub/01.fastq_processing/raw_data/01.RawData/Z23N00426/Z23N00426_CKDL230023567-1A_HGLGKDSX7_L4_1.fq.gz	NA
s141	19N00130	1	ILLUMINA	Lib-L240036090	HY75HDSX2	L240036090	/scratch/alpine/ericacnr@colostate.edu/GCRF_Pub/01.fastq_processing/raw_data/01.RawData/R_19N00130/R_19N00130_CKDL240036090-1A_22HNCJLT4_L7_1.fq.gz	NA
s142	19N00130	1	ILLUMINA	Lib-L240036090	HY75HDSX2	L240036090	NA	/scratch/alpine/ericacnr@colostate.edu/GCRF_Pub/01.fastq_processing/raw_data/01.RawData/R_19N00130/R_19N00130_CKDL240036090-1A_22HNCJLT4_L7_2.fq.gz
s143	19N00131	1	ILLUMINA	Lib-L240036090	HY75HDSX2	L240036090	NA	/scratch/alpine/ericacnr@colostate.edu/GCRF_Pub/01.fastq_processing/raw_data/01.RawData/R_19N00131/R_19N00131_CKDL240036090-1A_22HNCJLT4_L7_2.fq.gz
s144	19N00131	1	ILLUMINA	Lib-L240036090	HY75HDSX2	L240036090	/scratch/alpine/ericacnr@colostate.edu/GCRF_Pub/01.fastq_processing/raw_data/01.RawData/R_19N00131/R_19N00131_CKDL240036090-1A_22HNCJLT4_L7_1.fq.gz	NA
s145	24N13198	1	ILLUMINA	Lib-L240036090	HY75HDSX2	L240036090	/scratch/alpine/ericacnr@colostate.edu/GCRF_Pub/01.fastq_processing/raw_data/01.RawData/R_24N13198/R_24N13198_CKDL240036090-1A_22HNCJLT4_L7_1.fq.gz	NA
s146	24N13198	1	ILLUMINA	Lib-L240036090	HY75HDSX2	L240036090	NA	/scratch/alpine/ericacnr@colostate.edu/GCRF_Pub/01.fastq_processing/raw_data/01.RawData/R_24N13198/R_24N13198_CKDL240036090-1A_22HNCJLT4_L7_2.fq.gz
s147	23N00523	1	ILLUMINA	Lib-L240036090	HY75HDSX2	L240036090	/scratch/alpine/ericacnr@colostate.edu/GCRF_Pub/01.fastq_processing/raw_data/01.RawData/R_23N00523/R_23N00523_CKDL240036090-1A_22HNCJLT4_L7_1.fq.gz	NA
s148	23N00523	1	ILLUMINA	Lib-L240036090	HY75HDSX2	L240036090	NA	/scratch/alpine/ericacnr@colostate.edu/GCRF_Pub/01.fastq_processing/raw_data/01.RawData/R_23N00523/R_23N00523_CKDL240036090-1A_22HNCJLT4_L7_2.fq.gz
s149	19N00143	1	ILLUMINA	Lib-L240036090	HY75HDSX2	L240036090	/scratch/alpine/ericacnr@colostate.edu/GCRF_Pub/01.fastq_processing/raw_data/01.RawData/R_19N00143/R_19N00143_CKDL240036090-1A_22HNCJLT4_L7_1.fq.gz	NA
s150	19N00143	1	ILLUMINA	Lib-L240036090	HY75HDSX2	L240036090	NA	/scratch/alpine/ericacnr@colostate.edu/GCRF_Pub/01.fastq_processing/raw_data/01.RawData/R_19N00143/R_19N00143_CKDL240036090-1A_22HNCJLT4_L7_2.fq.gz
s151	23N00448	1	ILLUMINA	Lib-L230023567	HY75HDSX2	L230023567	NA	/scratch/alpine/ericacnr@colostate.edu/GCRF_Pub/01.fastq_processing/raw_data/01.RawData/Z23N00448/Z23N00448_CKDL230023567-1A_HGLGKDSX7_L4_2.fq.gz
s152	23N00448	1	ILLUMINA	Lib-L230023567	HY75HDSX2	L230023567	/scratch/alpine/ericacnr@colostate.edu/GCRF_Pub/01.fastq_processing/raw_data/01.RawData/Z23N00448/Z23N00448_CKDL230023567-1A_HGLGKDSX7_L4_1.fq.gz	NA
s153	23N00423	1	ILLUMINA	Lib-L230023567	HY75HDSX2	L230023567	/scratch/alpine/ericacnr@colostate.edu/GCRF_Pub/01.fastq_processing/raw_data/01.RawData/Z23N00423/Z23N00423_CKDL230023567-1A_HGLGKDSX7_L4_1.fq.gz	NA
s154	23N00423	1	ILLUMINA	Lib-L230023567	HY75HDSX2	L230023567	NA	/scratch/alpine/ericacnr@colostate.edu/GCRF_Pub/01.fastq_processing/raw_data/01.RawData/Z23N00423/Z23N00423_CKDL230023567-1A_HGLGKDSX7_L4_2.fq.gz
s155	23N00483	1	ILLUMINA	Lib-L230023567	HY75HDSX2	L230023567	NA	/scratch/alpine/ericacnr@colostate.edu/GCRF_Pub/01.fastq_processing/raw_data/01.RawData/Z23N00483/Z23N00483_CKDL230023567-1A_HGLGKDSX7_L4_2.fq.gz
s156	23N00483	1	ILLUMINA	Lib-L230023567	HY75HDSX2	L230023567	/scratch/alpine/ericacnr@colostate.edu/GCRF_Pub/01.fastq_processing/raw_data/01.RawData/Z23N00483/Z23N00483_CKDL230023567-1A_HGLGKDSX7_L4_1.fq.gz	NA
s157	23N00522	1	ILLUMINA	Lib-L240036090	HY75HDSX2	L240036090	/scratch/alpine/ericacnr@colostate.edu/GCRF_Pub/01.fastq_processing/raw_data/01.RawData/R_23N00522/R_23N00522_CKDL240036090-1A_22HNCJLT4_L7_1.fq.gz	NA
s158	23N00522	1	ILLUMINA	Lib-L240036090	HY75HDSX2	L240036090	NA	/scratch/alpine/ericacnr@colostate.edu/GCRF_Pub/01.fastq_processing/raw_data/01.RawData/R_23N00522/R_23N00522_CKDL240036090-1A_22HNCJLT4_L7_2.fq.gz
s159	23N00454	1	ILLUMINA	Lib-L230023567	HY75HDSX2	L230023567	NA	/scratch/alpine/ericacnr@colostate.edu/GCRF_Pub/01.fastq_processing/raw_data/01.RawData/Z23N00454/Z23N00454_CKDL230023567-1A_HGLGKDSX7_L4_2.fq.gz
s160	23N00454	1	ILLUMINA	Lib-L230023567	HY75HDSX2	L230023567	/scratch/alpine/ericacnr@colostate.edu/GCRF_Pub/01.fastq_processing/raw_data/01.RawData/Z23N00454/Z23N00454_CKDL230023567-1A_HGLGKDSX7_L4_1.fq.gz	NA
s161	23N00527	1	ILLUMINA	Lib-L240036090	HY75HDSX2	L240036090	/scratch/alpine/ericacnr@colostate.edu/GCRF_Pub/01.fastq_processing/raw_data/01.RawData/R_23N00527/R_23N00527_CKDL240036090-1A_22HNCJLT4_L7_1.fq.gz	NA
s162	23N00527	1	ILLUMINA	Lib-L240036090	HY75HDSX2	L240036090	NA	/scratch/alpine/ericacnr@colostate.edu/GCRF_Pub/01.fastq_processing/raw_data/01.RawData/R_23N00527/R_23N00527_CKDL240036090-1A_22HNCJLT4_L7_2.fq.gz
s163	23N00470	1	ILLUMINA	Lib-L230023567	HY75HDSX2	L230023567	NA	/scratch/alpine/ericacnr@colostate.edu/GCRF_Pub/01.fastq_processing/raw_data/01.RawData/Z23N00470/Z23N00470_CKDL230023567-1A_HGLGKDSX7_L4_2.fq.gz
s164	23N00470	1	ILLUMINA	Lib-L230023567	HY75HDSX2	L230023567	/scratch/alpine/ericacnr@colostate.edu/GCRF_Pub/01.fastq_processing/raw_data/01.RawData/Z23N00470/Z23N00470_CKDL230023567-1A_HGLGKDSX7_L4_1.fq.gz	NA
s165	19N00125	1	ILLUMINA	Lib-L240036090	HY75HDSX2	L240036090	NA	/scratch/alpine/ericacnr@colostate.edu/GCRF_Pub/01.fastq_processing/raw_data/01.RawData/R_19N00125/R_19N00125_CKDL240036090-1A_22HNCJLT4_L7_2.fq.gz
s166	19N00125	1	ILLUMINA	Lib-L240036090	HY75HDSX2	L240036090	/scratch/alpine/ericacnr@colostate.edu/GCRF_Pub/01.fastq_processing/raw_data/01.RawData/R_19N00125/R_19N00125_CKDL240036090-1A_22HNCJLT4_L7_1.fq.gz	NA
s167	23N00463	1	ILLUMINA	Lib-L230023567	HY75HDSX2	L230023567	/scratch/alpine/ericacnr@colostate.edu/GCRF_Pub/01.fastq_processing/raw_data/01.RawData/Z23N00463/Z23N00463_CKDL230023567-1A_HGLGKDSX7_L4_1.fq.gz	NA
s168	23N00463	1	ILLUMINA	Lib-L230023567	HY75HDSX2	L230023567	NA	/scratch/alpine/ericacnr@colostate.edu/GCRF_Pub/01.fastq_processing/raw_data/01.RawData/Z23N00463/Z23N00463_CKDL230023567-1A_HGLGKDSX7_L4_2.fq.gz
s169	24N13194	1	ILLUMINA	Lib-L240036090	HY75HDSX2	L240036090	/scratch/alpine/ericacnr@colostate.edu/GCRF_Pub/01.fastq_processing/raw_data/01.RawData/R_24N13194/R_24N13194_CKDL240036090-1A_22HNCJLT4_L7_1.fq.gz	NA
s170	24N13194	1	ILLUMINA	Lib-L240036090	HY75HDSX2	L240036090	NA	/scratch/alpine/ericacnr@colostate.edu/GCRF_Pub/01.fastq_processing/raw_data/01.RawData/R_24N13194/R_24N13194_CKDL240036090-1A_22HNCJLT4_L7_2.fq.gz
s171	19N00126	1	ILLUMINA	Lib-L240036090	HY75HDSX2	L240036090	NA	/scratch/alpine/ericacnr@colostate.edu/GCRF_Pub/01.fastq_processing/raw_data/01.RawData/R_19N00126/R_19N00126_CKDL240036090-1A_22HNCJLT4_L7_2.fq.gz
s172	19N00126	1	ILLUMINA	Lib-L240036090	HY75HDSX2	L240036090	/scratch/alpine/ericacnr@colostate.edu/GCRF_Pub/01.fastq_processing/raw_data/01.RawData/R_19N00126/R_19N00126_CKDL240036090-1A_22HNCJLT4_L7_1.fq.gz	NA
s173	23N00505	1	ILLUMINA	Lib-L230023567	HY75HDSX2	L230023567	NA	/scratch/alpine/ericacnr@colostate.edu/GCRF_Pub/01.fastq_processing/raw_data/01.RawData/Z23N00505/Z23N00505_CKDL230023567-1A_HGLGKDSX7_L4_2.fq.gz
s174	23N00505	1	ILLUMINA	Lib-L230023567	HY75HDSX2	L230023567	/scratch/alpine/ericacnr@colostate.edu/GCRF_Pub/01.fastq_processing/raw_data/01.RawData/Z23N00505/Z23N00505_CKDL230023567-1A_HGLGKDSX7_L4_1.fq.gz	NA
s175	23N00498	1	ILLUMINA	Lib-L230023567	HY75HDSX2	L230023567	/scratch/alpine/ericacnr@colostate.edu/GCRF_Pub/01.fastq_processing/raw_data/01.RawData/Z23N00498/Z23N00498_CKDL230023567-1A_HGLGKDSX7_L4_1.fq.gz	NA
s176	23N00498	1	ILLUMINA	Lib-L230023567	HY75HDSX2	L230023567	NA	/scratch/alpine/ericacnr@colostate.edu/GCRF_Pub/01.fastq_processing/raw_data/01.RawData/Z23N00498/Z23N00498_CKDL230023567-1A_HGLGKDSX7_L4_2.fq.gz
s177	23N00439	1	ILLUMINA	Lib-L240036090	HY75HDSX2	L240036090	NA	/scratch/alpine/ericacnr@colostate.edu/GCRF_Pub/01.fastq_processing/raw_data/01.RawData/R_23N00439/R_23N00439_CKDL240036090-1A_22HNCJLT4_L7_2.fq.gz
s178	23N00439	1	ILLUMINA	Lib-L240036090	HY75HDSX2	L240036090	/scratch/alpine/ericacnr@colostate.edu/GCRF_Pub/01.fastq_processing/raw_data/01.RawData/R_23N00439/R_23N00439_CKDL240036090-1A_22HNCJLT4_L7_1.fq.gz	NA
s179	23N00490	1	ILLUMINA	Lib-L230023567	HY75HDSX2	L230023567	NA	/scratch/alpine/ericacnr@colostate.edu/GCRF_Pub/01.fastq_processing/raw_data/01.RawData/Z23N00490/Z23N00490_CKDL230023567-1A_HGLGKDSX7_L4_2.fq.gz
s180	23N00490	1	ILLUMINA	Lib-L230023567	HY75HDSX2	L230023567	/scratch/alpine/ericacnr@colostate.edu/GCRF_Pub/01.fastq_processing/raw_data/01.RawData/Z23N00490/Z23N00490_CKDL230023567-1A_HGLGKDSX7_L4_1.fq.gz	NA
s181	23N00509	1	ILLUMINA	Lib-L230023567	HY75HDSX2	L230023567	/scratch/alpine/ericacnr@colostate.edu/GCRF_Pub/01.fastq_processing/raw_data/01.RawData/Z23N00509/Z23N00509_CKDL230023567-1A_HGLGKDSX7_L4_1.fq.gz	NA
s182	23N00509	1	ILLUMINA	Lib-L230023567	HY75HDSX2	L230023567	NA	/scratch/alpine/ericacnr@colostate.edu/GCRF_Pub/01.fastq_processing/raw_data/01.RawData/Z23N00509/Z23N00509_CKDL230023567-1A_HGLGKDSX7_L4_2.fq.gz
s183	19N00123	1	ILLUMINA	Lib-L240036090	HY75HDSX2	L240036090	/scratch/alpine/ericacnr@colostate.edu/GCRF_Pub/01.fastq_processing/raw_data/01.RawData/R_19N00123/R_19N00123_CKDL240036090-1A_22HNCJLT4_L7_1.fq.gz	NA
s184	19N00123	1	ILLUMINA	Lib-L240036090	HY75HDSX2	L240036090	NA	/scratch/alpine/ericacnr@colostate.edu/GCRF_Pub/01.fastq_processing/raw_data/01.RawData/R_19N00123/R_19N00123_CKDL240036090-1A_22HNCJLT4_L7_2.fq.gz
s185	24N13195	1	ILLUMINA	Lib-L240036090	HY75HDSX2	L240036090	/scratch/alpine/ericacnr@colostate.edu/GCRF_Pub/01.fastq_processing/raw_data/01.RawData/R_24N13195/R_24N13195_CKDL240036090-1A_22HNCJLT4_L7_1.fq.gz	NA
s186	24N13195	1	ILLUMINA	Lib-L240036090	HY75HDSX2	L240036090	NA	/scratch/alpine/ericacnr@colostate.edu/GCRF_Pub/01.fastq_processing/raw_data/01.RawData/R_24N13195/R_24N13195_CKDL240036090-1A_22HNCJLT4_L7_2.fq.gz
s187	23N00449	1	ILLUMINA	Lib-L230023567	HY75HDSX2	L230023567	NA	/scratch/alpine/ericacnr@colostate.edu/GCRF_Pub/01.fastq_processing/raw_data/01.RawData/Z23N00449/Z23N00449_CKDL230023567-1A_HGLGKDSX7_L4_2.fq.gz
s188	23N00449	1	ILLUMINA	Lib-L230023567	HY75HDSX2	L230023567	/scratch/alpine/ericacnr@colostate.edu/GCRF_Pub/01.fastq_processing/raw_data/01.RawData/Z23N00449/Z23N00449_CKDL230023567-1A_HGLGKDSX7_L4_1.fq.gz	NA
s189	23N00434	1	ILLUMINA	Lib-L230023567	HY75HDSX2	L230023567	NA	/scratch/alpine/ericacnr@colostate.edu/GCRF_Pub/01.fastq_processing/raw_data/01.RawData/Z23N00434/Z23N00434_CKDL230023567-1A_HGLGKDSX7_L4_2.fq.gz
s190	23N00434	1	ILLUMINA	Lib-L230023567	HY75HDSX2	L230023567	/scratch/alpine/ericacnr@colostate.edu/GCRF_Pub/01.fastq_processing/raw_data/01.RawData/Z23N00434/Z23N00434_CKDL230023567-1A_HGLGKDSX7_L4_1.fq.gz	NA
s191	23N00486	1	ILLUMINA	Lib-L230023567	HY75HDSX2	L230023567	/scratch/alpine/ericacnr@colostate.edu/GCRF_Pub/01.fastq_processing/raw_data/01.RawData/Z23N00486/Z23N00486_CKDL230023567-1A_HGLGKDSX7_L4_1.fq.gz	NA
s192	23N00486	1	ILLUMINA	Lib-L230023567	HY75HDSX2	L230023567	NA	/scratch/alpine/ericacnr@colostate.edu/GCRF_Pub/01.fastq_processing/raw_data/01.RawData/Z23N00486/Z23N00486_CKDL230023567-1A_HGLGKDSX7_L4_2.fq.gz
s193	23N00516	1	ILLUMINA	Lib-L240036090	HY75HDSX2	L240036090	NA	/scratch/alpine/ericacnr@colostate.edu/GCRF_Pub/01.fastq_processing/raw_data/01.RawData/R_23N00516/R_23N00516_CKDL240036090-1A_22HNCJLT4_L7_2.fq.gz
s194	23N00516	1	ILLUMINA	Lib-L240036090	HY75HDSX2	L240036090	/scratch/alpine/ericacnr@colostate.edu/GCRF_Pub/01.fastq_processing/raw_data/01.RawData/R_23N00516/R_23N00516_CKDL240036090-1A_22HNCJLT4_L7_1.fq.gz	NA
s195	23N00546	1	ILLUMINA	Lib-L240036090	HY75HDSX2	L240036090	NA	/scratch/alpine/ericacnr@colostate.edu/GCRF_Pub/01.fastq_processing/raw_data/01.RawData/R_23N00546/R_23N00546_CKDL240036090-1A_22HNCJLT4_L7_2.fq.gz
s196	23N00546	1	ILLUMINA	Lib-L240036090	HY75HDSX2	L240036090	/scratch/alpine/ericacnr@colostate.edu/GCRF_Pub/01.fastq_processing/raw_data/01.RawData/R_23N00546/R_23N00546_CKDL240036090-1A_22HNCJLT4_L7_1.fq.gz	NA
s197	23N00494	1	ILLUMINA	Lib-L230023567	HY75HDSX2	L230023567	/scratch/alpine/ericacnr@colostate.edu/GCRF_Pub/01.fastq_processing/raw_data/01.RawData/Z23N00494/Z23N00494_CKDL230023567-1A_HGLGKDSX7_L4_1.fq.gz	NA
s198	23N00494	1	ILLUMINA	Lib-L230023567	HY75HDSX2	L230023567	NA	/scratch/alpine/ericacnr@colostate.edu/GCRF_Pub/01.fastq_processing/raw_data/01.RawData/Z23N00494/Z23N00494_CKDL230023567-1A_HGLGKDSX7_L4_2.fq.gz
s199	23N00432	1	ILLUMINA	Lib-L230023567	HY75HDSX2	L230023567	/scratch/alpine/ericacnr@colostate.edu/GCRF_Pub/01.fastq_processing/raw_data/01.RawData/Z23N00432/Z23N00432_CKDL230023567-1A_HGLGKDSX7_L4_1.fq.gz	NA
s200	23N00432	1	ILLUMINA	Lib-L230023567	HY75HDSX2	L230023567	NA	/scratch/alpine/ericacnr@colostate.edu/GCRF_Pub/01.fastq_processing/raw_data/01.RawData/Z23N00432/Z23N00432_CKDL230023567-1A_HGLGKDSX7_L4_2.fq.gz
s201	19N00141	1	ILLUMINA	Lib-L240036090	HY75HDSX2	L240036090	NA	/scratch/alpine/ericacnr@colostate.edu/GCRF_Pub/01.fastq_processing/raw_data/01.RawData/R_19N00141/R_19N00141_CKDL240036090-1A_22HNCJLT4_L7_2.fq.gz
s202	19N00141	1	ILLUMINA	Lib-L240036090	HY75HDSX2	L240036090	/scratch/alpine/ericacnr@colostate.edu/GCRF_Pub/01.fastq_processing/raw_data/01.RawData/R_19N00141/R_19N00141_CKDL240036090-1A_22HNCJLT4_L7_1.fq.gz	NA
s203	19N00132	1	ILLUMINA	Lib-L240036090	HY75HDSX2	L240036090	NA	/scratch/alpine/ericacnr@colostate.edu/GCRF_Pub/01.fastq_processing/raw_data/01.RawData/R_19N00132/R_19N00132_CKDL240036090-1A_22HNCJLT4_L7_2.fq.gz
s204	19N00132	1	ILLUMINA	Lib-L240036090	HY75HDSX2	L240036090	/scratch/alpine/ericacnr@colostate.edu/GCRF_Pub/01.fastq_processing/raw_data/01.RawData/R_19N00132/R_19N00132_CKDL240036090-1A_22HNCJLT4_L7_1.fq.gz	NA
s205	23N00495	1	ILLUMINA	Lib-L230023567	HY75HDSX2	L230023567	/scratch/alpine/ericacnr@colostate.edu/GCRF_Pub/01.fastq_processing/raw_data/01.RawData/Z23N00495/Z23N00495_CKDL230023567-1A_HGLGKDSX7_L4_1.fq.gz	NA
s206	23N00495	1	ILLUMINA	Lib-L230023567	HY75HDSX2	L230023567	NA	/scratch/alpine/ericacnr@colostate.edu/GCRF_Pub/01.fastq_processing/raw_data/01.RawData/Z23N00495/Z23N00495_CKDL230023567-1A_HGLGKDSX7_L4_2.fq.gz
s207	23N00430	1	ILLUMINA	Lib-L230023567	HY75HDSX2	L230023567	NA	/scratch/alpine/ericacnr@colostate.edu/GCRF_Pub/01.fastq_processing/raw_data/01.RawData/Z23N00430/Z23N00430_CKDL230023567-1A_HGLGKDSX7_L4_2.fq.gz
s208	23N00430	1	ILLUMINA	Lib-L230023567	HY75HDSX2	L230023567	/scratch/alpine/ericacnr@colostate.edu/GCRF_Pub/01.fastq_processing/raw_data/01.RawData/Z23N00430/Z23N00430_CKDL230023567-1A_HGLGKDSX7_L4_1.fq.gz	NA
s209	23N00458	1	ILLUMINA	Lib-L230023567	HY75HDSX2	L230023567	NA	/scratch/alpine/ericacnr@colostate.edu/GCRF_Pub/01.fastq_processing/raw_data/01.RawData/Z23N00458/Z23N00458_CKDL230023567-1A_HGLGKDSX7_L4_2.fq.gz
s210	23N00458	1	ILLUMINA	Lib-L230023567	HY75HDSX2	L230023567	/scratch/alpine/ericacnr@colostate.edu/GCRF_Pub/01.fastq_processing/raw_data/01.RawData/Z23N00458/Z23N00458_CKDL230023567-1A_HGLGKDSX7_L4_1.fq.gz	NA
s211	23N00519	1	ILLUMINA	Lib-L240036090	HY75HDSX2	L240036090	NA	/scratch/alpine/ericacnr@colostate.edu/GCRF_Pub/01.fastq_processing/raw_data/01.RawData/R_23N00519/R_23N00519_CKDL240036090-1A_22HNCJLT4_L7_2.fq.gz
s212	23N00519	1	ILLUMINA	Lib-L240036090	HY75HDSX2	L240036090	/scratch/alpine/ericacnr@colostate.edu/GCRF_Pub/01.fastq_processing/raw_data/01.RawData/R_23N00519/R_23N00519_CKDL240036090-1A_22HNCJLT4_L7_1.fq.gz	NA
s213	23N00478	1	ILLUMINA	Lib-L240036090	HY75HDSX2	L240036090	NA	/scratch/alpine/ericacnr@colostate.edu/GCRF_Pub/01.fastq_processing/raw_data/01.RawData/R_23N00478/R_23N00478_CKDL240036090-1A_22HNCJLT4_L7_2.fq.gz
s214	23N00478	1	ILLUMINA	Lib-L240036090	HY75HDSX2	L240036090	/scratch/alpine/ericacnr@colostate.edu/GCRF_Pub/01.fastq_processing/raw_data/01.RawData/R_23N00478/R_23N00478_CKDL240036090-1A_22HNCJLT4_L7_1.fq.gz	NA
s215	23N00489	1	ILLUMINA	Lib-L230023567	HY75HDSX2	L230023567	/scratch/alpine/ericacnr@colostate.edu/GCRF_Pub/01.fastq_processing/raw_data/01.RawData/Z23N00489/Z23N00489_CKDL230023567-1A_HGLGKDSX7_L4_1.fq.gz	NA
s216	23N00489	1	ILLUMINA	Lib-L230023567	HY75HDSX2	L230023567	NA	/scratch/alpine/ericacnr@colostate.edu/GCRF_Pub/01.fastq_processing/raw_data/01.RawData/Z23N00489/Z23N00489_CKDL230023567-1A_HGLGKDSX7_L4_2.fq.gz
s217	23N00518	1	ILLUMINA	Lib-L240036090	HY75HDSX2	L240036090	/scratch/alpine/ericacnr@colostate.edu/GCRF_Pub/01.fastq_processing/raw_data/01.RawData/R_23N00518/R_23N00518_CKDL240036090-1A_22HNCJLT4_L7_1.fq.gz	NA
s218	23N00518	1	ILLUMINA	Lib-L240036090	HY75HDSX2	L240036090	NA	/scratch/alpine/ericacnr@colostate.edu/GCRF_Pub/01.fastq_processing/raw_data/01.RawData/R_23N00518/R_23N00518_CKDL240036090-1A_22HNCJLT4_L7_2.fq.gz
s219	23N00512	1	ILLUMINA	Lib-L230023567	HY75HDSX2	L230023567	NA	/scratch/alpine/ericacnr@colostate.edu/GCRF_Pub/01.fastq_processing/raw_data/01.RawData/Z23N00512/Z23N00512_CKDL230023567-1A_HGLGKDSX7_L4_2.fq.gz
s220	23N00512	1	ILLUMINA	Lib-L230023567	HY75HDSX2	L230023567	/scratch/alpine/ericacnr@colostate.edu/GCRF_Pub/01.fastq_processing/raw_data/01.RawData/Z23N00512/Z23N00512_CKDL230023567-1A_HGLGKDSX7_L4_1.fq.gz	NA
s221	23N00520	1	ILLUMINA	Lib-L240036090	HY75HDSX2	L240036090	NA	/scratch/alpine/ericacnr@colostate.edu/GCRF_Pub/01.fastq_processing/raw_data/01.RawData/R_23N00520/R_23N00520_CKDL240036090-1A_22HNCJLT4_L7_2.fq.gz
s222	23N00520	1	ILLUMINA	Lib-L240036090	HY75HDSX2	L240036090	/scratch/alpine/ericacnr@colostate.edu/GCRF_Pub/01.fastq_processing/raw_data/01.RawData/R_23N00520/R_23N00520_CKDL240036090-1A_22HNCJLT4_L7_1.fq.gz	NA
s223	19N00135	1	ILLUMINA	Lib-L240036090	HY75HDSX2	L240036090	/scratch/alpine/ericacnr@colostate.edu/GCRF_Pub/01.fastq_processing/raw_data/01.RawData/R_19N00135/R_19N00135_CKDL240036090-1A_22HNCJLT4_L7_1.fq.gz	NA
s224	19N00135	1	ILLUMINA	Lib-L240036090	HY75HDSX2	L240036090	NA	/scratch/alpine/ericacnr@colostate.edu/GCRF_Pub/01.fastq_processing/raw_data/01.RawData/R_19N00135/R_19N00135_CKDL240036090-1A_22HNCJLT4_L7_2.fq.gz
s225	23N00476	1	ILLUMINA	Lib-L230023567	HY75HDSX2	L230023567	NA	/scratch/alpine/ericacnr@colostate.edu/GCRF_Pub/01.fastq_processing/raw_data/01.RawData/Z23N00476/Z23N00476_CKDL230023567-1A_HGLGKDSX7_L4_2.fq.gz
s226	23N00476	1	ILLUMINA	Lib-L230023567	HY75HDSX2	L230023567	/scratch/alpine/ericacnr@colostate.edu/GCRF_Pub/01.fastq_processing/raw_data/01.RawData/Z23N00476/Z23N00476_CKDL230023567-1A_HGLGKDSX7_L4_1.fq.gz	NA
s227	23N00545	1	ILLUMINA	Lib-L240036090	HY75HDSX2	L240036090	NA	/scratch/alpine/ericacnr@colostate.edu/GCRF_Pub/01.fastq_processing/raw_data/01.RawData/R_23N00545/R_23N00545_CKDL240036090-1A_22HNCJLT4_L7_2.fq.gz
s228	23N00545	1	ILLUMINA	Lib-L240036090	HY75HDSX2	L240036090	/scratch/alpine/ericacnr@colostate.edu/GCRF_Pub/01.fastq_processing/raw_data/01.RawData/R_23N00545/R_23N00545_CKDL240036090-1A_22HNCJLT4_L7_1.fq.gz	NA
s229	19N00136	1	ILLUMINA	Lib-L240036090	HY75HDSX2	L240036090	/scratch/alpine/ericacnr@colostate.edu/GCRF_Pub/01.fastq_processing/raw_data/01.RawData/R_19N00136/R_19N00136_CKDL240036090-1A_22HNCJLT4_L7_1.fq.gz	NA
s230	19N00136	1	ILLUMINA	Lib-L240036090	HY75HDSX2	L240036090	NA	/scratch/alpine/ericacnr@colostate.edu/GCRF_Pub/01.fastq_processing/raw_data/01.RawData/R_19N00136/R_19N00136_CKDL240036090-1A_22HNCJLT4_L7_2.fq.gz
s231	23N00443	1	ILLUMINA	Lib-L230023567	HY75HDSX2	L230023567	/scratch/alpine/ericacnr@colostate.edu/GCRF_Pub/01.fastq_processing/raw_data/01.RawData/Z23N00443/Z23N00443_CKDL230023567-1A_HGLGKDSX7_L4_1.fq.gz	NA
s232	23N00443	1	ILLUMINA	Lib-L230023567	HY75HDSX2	L230023567	NA	/scratch/alpine/ericacnr@colostate.edu/GCRF_Pub/01.fastq_processing/raw_data/01.RawData/Z23N00443/Z23N00443_CKDL230023567-1A_HGLGKDSX7_L4_2.fq.gz
s233	23N00473	1	ILLUMINA	Lib-L230023567	HY75HDSX2	L230023567	NA	/scratch/alpine/ericacnr@colostate.edu/GCRF_Pub/01.fastq_processing/raw_data/01.RawData/Z23N00473/Z23N00473_CKDL230023567-1A_HGLGKDSX7_L4_2.fq.gz
s234	23N00473	1	ILLUMINA	Lib-L230023567	HY75HDSX2	L230023567	/scratch/alpine/ericacnr@colostate.edu/GCRF_Pub/01.fastq_processing/raw_data/01.RawData/Z23N00473/Z23N00473_CKDL230023567-1A_HGLGKDSX7_L4_1.fq.gz	NA
s235	23N00548	1	ILLUMINA	Lib-L240036090	HY75HDSX2	L240036090	NA	/scratch/alpine/ericacnr@colostate.edu/GCRF_Pub/01.fastq_processing/raw_data/01.RawData/R_23N00548/R_23N00548_CKDL240036090-1A_22HNCJLT4_L7_2.fq.gz
s236	23N00548	1	ILLUMINA	Lib-L240036090	HY75HDSX2	L240036090	/scratch/alpine/ericacnr@colostate.edu/GCRF_Pub/01.fastq_processing/raw_data/01.RawData/R_23N00548/R_23N00548_CKDL240036090-1A_22HNCJLT4_L7_1.fq.gz	NA
s237	23N00427	1	ILLUMINA	Lib-L230023567	HY75HDSX2	L230023567	/scratch/alpine/ericacnr@colostate.edu/GCRF_Pub/01.fastq_processing/raw_data/01.RawData/Z23N00427/Z23N00427_CKDL230023567-1A_HGLGKDSX7_L4_1.fq.gz	NA
s238	23N00427	1	ILLUMINA	Lib-L230023567	HY75HDSX2	L230023567	NA	/scratch/alpine/ericacnr@colostate.edu/GCRF_Pub/01.fastq_processing/raw_data/01.RawData/Z23N00427/Z23N00427_CKDL230023567-1A_HGLGKDSX7_L4_2.fq.gz
s239	23N00431	1	ILLUMINA	Lib-L230023567	HY75HDSX2	L230023567	/scratch/alpine/ericacnr@colostate.edu/GCRF_Pub/01.fastq_processing/raw_data/01.RawData/Z23N00431/Z23N00431_CKDL230023567-1A_HGLGKDSX7_L4_1.fq.gz	NA
s240	23N00431	1	ILLUMINA	Lib-L230023567	HY75HDSX2	L230023567	NA	/scratch/alpine/ericacnr@colostate.edu/GCRF_Pub/01.fastq_processing/raw_data/01.RawData/Z23N00431/Z23N00431_CKDL230023567-1A_HGLGKDSX7_L4_2.fq.gz
s241	23N00429	1	ILLUMINA	Lib-L230023567	HY75HDSX2	L230023567	/scratch/alpine/ericacnr@colostate.edu/GCRF_Pub/01.fastq_processing/raw_data/01.RawData/Z23N00429/Z23N00429_CKDL230023567-1A_HGLGKDSX7_L4_1.fq.gz	NA
s242	23N00429	1	ILLUMINA	Lib-L230023567	HY75HDSX2	L230023567	NA	/scratch/alpine/ericacnr@colostate.edu/GCRF_Pub/01.fastq_processing/raw_data/01.RawData/Z23N00429/Z23N00429_CKDL230023567-1A_HGLGKDSX7_L4_2.fq.gz
s243	23N00525	1	ILLUMINA	Lib-L240036090	HY75HDSX2	L240036090	/scratch/alpine/ericacnr@colostate.edu/GCRF_Pub/01.fastq_processing/raw_data/01.RawData/R_23N00525/R_23N00525_CKDL240036090-1A_22HNCJLT4_L7_1.fq.gz	NA
s244	23N00525	1	ILLUMINA	Lib-L240036090	HY75HDSX2	L240036090	NA	/scratch/alpine/ericacnr@colostate.edu/GCRF_Pub/01.fastq_processing/raw_data/01.RawData/R_23N00525/R_23N00525_CKDL240036090-1A_22HNCJLT4_L7_2.fq.gz
s245	23N00513	1	ILLUMINA	Lib-L240036090	HY75HDSX2	L240036090	NA	/scratch/alpine/ericacnr@colostate.edu/GCRF_Pub/01.fastq_processing/raw_data/01.RawData/R_23N00513/R_23N00513_CKDL240036090-1A_22HNCJLT4_L7_2.fq.gz
s246	23N00513	1	ILLUMINA	Lib-L240036090	HY75HDSX2	L240036090	/scratch/alpine/ericacnr@colostate.edu/GCRF_Pub/01.fastq_processing/raw_data/01.RawData/R_23N00513/R_23N00513_CKDL240036090-1A_22HNCJLT4_L7_1.fq.gz	NA
s247	23N00534	1	ILLUMINA	Lib-L240036090	HY75HDSX2	L240036090	/scratch/alpine/ericacnr@colostate.edu/GCRF_Pub/01.fastq_processing/raw_data/01.RawData/R_23N00534/R_23N00534_CKDL240036090-1A_22HNCJLT4_L7_1.fq.gz	NA
s248	23N00534	1	ILLUMINA	Lib-L240036090	HY75HDSX2	L240036090	NA	/scratch/alpine/ericacnr@colostate.edu/GCRF_Pub/01.fastq_processing/raw_data/01.RawData/R_23N00534/R_23N00534_CKDL240036090-1A_22HNCJLT4_L7_2.fq.gz
s249	23N00456	1	ILLUMINA	Lib-L230023567	HY75HDSX2	L230023567	NA	/scratch/alpine/ericacnr@colostate.edu/GCRF_Pub/01.fastq_processing/raw_data/01.RawData/Z23N00456/Z23N00456_CKDL230023567-1A_HGLGKDSX7_L4_2.fq.gz
s250	23N00456	1	ILLUMINA	Lib-L230023567	HY75HDSX2	L230023567	/scratch/alpine/ericacnr@colostate.edu/GCRF_Pub/01.fastq_processing/raw_data/01.RawData/Z23N00456/Z23N00456_CKDL230023567-1A_HGLGKDSX7_L4_1.fq.gz	NA
s251	23N00488	1	ILLUMINA	Lib-L230023567	HY75HDSX2	L230023567	/scratch/alpine/ericacnr@colostate.edu/GCRF_Pub/01.fastq_processing/raw_data/01.RawData/Z23N00488/Z23N00488_CKDL230023567-1A_HGLGKDSX7_L4_1.fq.gz	NA
s252	23N00488	1	ILLUMINA	Lib-L230023567	HY75HDSX2	L230023567	NA	/scratch/alpine/ericacnr@colostate.edu/GCRF_Pub/01.fastq_processing/raw_data/01.RawData/Z23N00488/Z23N00488_CKDL230023567-1A_HGLGKDSX7_L4_2.fq.gz
s253	23N00504	1	ILLUMINA	Lib-L230023567	HY75HDSX2	L230023567	/scratch/alpine/ericacnr@colostate.edu/GCRF_Pub/01.fastq_processing/raw_data/01.RawData/Z23N00504/Z23N00504_CKDL230023567-1A_HGLGKDSX7_L4_1.fq.gz	NA
s254	23N00504	1	ILLUMINA	Lib-L230023567	HY75HDSX2	L230023567	NA	/scratch/alpine/ericacnr@colostate.edu/GCRF_Pub/01.fastq_processing/raw_data/01.RawData/Z23N00504/Z23N00504_CKDL230023567-1A_HGLGKDSX7_L4_2.fq.gz
s255	23N00492	1	ILLUMINA	Lib-L230023567	HY75HDSX2	L230023567	/scratch/alpine/ericacnr@colostate.edu/GCRF_Pub/01.fastq_processing/raw_data/01.RawData/Z23N00492/Z23N00492_CKDL230023567-1A_HGLGKDSX7_L4_1.fq.gz	NA
s256	23N00492	1	ILLUMINA	Lib-L230023567	HY75HDSX2	L230023567	NA	/scratch/alpine/ericacnr@colostate.edu/GCRF_Pub/01.fastq_processing/raw_data/01.RawData/Z23N00492/Z23N00492_CKDL230023567-1A_HGLGKDSX7_L4_2.fq.gz
s257	19N00127	1	ILLUMINA	Lib-L240036090	HY75HDSX2	L240036090	NA	/scratch/alpine/ericacnr@colostate.edu/GCRF_Pub/01.fastq_processing/raw_data/01.RawData/R_19N00127/R_19N00127_CKDL240036090-1A_22HNCJLT4_L7_2.fq.gz
s258	19N00127	1	ILLUMINA	Lib-L240036090	HY75HDSX2	L240036090	/scratch/alpine/ericacnr@colostate.edu/GCRF_Pub/01.fastq_processing/raw_data/01.RawData/R_19N00127/R_19N00127_CKDL240036090-1A_22HNCJLT4_L7_1.fq.gz	NA
s259	23N00517	1	ILLUMINA	Lib-L240036090	HY75HDSX2	L240036090	NA	/scratch/alpine/ericacnr@colostate.edu/GCRF_Pub/01.fastq_processing/raw_data/01.RawData/R_23N00517/R_23N00517_CKDL240036090-1A_22HNCJLT4_L7_2.fq.gz
s260	23N00517	1	ILLUMINA	Lib-L240036090	HY75HDSX2	L240036090	/scratch/alpine/ericacnr@colostate.edu/GCRF_Pub/01.fastq_processing/raw_data/01.RawData/R_23N00517/R_23N00517_CKDL240036090-1A_22HNCJLT4_L7_1.fq.gz	NA
s261	19N00140	1	ILLUMINA	Lib-L240036090	HY75HDSX2	L240036090	/scratch/alpine/ericacnr@colostate.edu/GCRF_Pub/01.fastq_processing/raw_data/01.RawData/R_19N00140/R_19N00140_CKDL240036090-1A_22HNCJLT4_L7_1.fq.gz	NA
s262	19N00140	1	ILLUMINA	Lib-L240036090	HY75HDSX2	L240036090	NA	/scratch/alpine/ericacnr@colostate.edu/GCRF_Pub/01.fastq_processing/raw_data/01.RawData/R_19N00140/R_19N00140_CKDL240036090-1A_22HNCJLT4_L7_2.fq.gz
s263	23N00554	1	ILLUMINA	Lib-L240036090	HY75HDSX2	L240036090	NA	/scratch/alpine/ericacnr@colostate.edu/GCRF_Pub/01.fastq_processing/raw_data/01.RawData/R_23N00554/R_23N00554_CKDL240036090-1A_22HNCJLT4_L7_2.fq.gz
s264	23N00554	1	ILLUMINA	Lib-L240036090	HY75HDSX2	L240036090	/scratch/alpine/ericacnr@colostate.edu/GCRF_Pub/01.fastq_processing/raw_data/01.RawData/R_23N00554/R_23N00554_CKDL240036090-1A_22HNCJLT4_L7_1.fq.gz	NA
s265	23N00484	1	ILLUMINA	Lib-L230023567	HY75HDSX2	L230023567	NA	/scratch/alpine/ericacnr@colostate.edu/GCRF_Pub/01.fastq_processing/raw_data/01.RawData/Z23N00484/Z23N00484_CKDL230023567-1A_HGLGKDSX7_L4_2.fq.gz
s266	23N00484	1	ILLUMINA	Lib-L230023567	HY75HDSX2	L230023567	/scratch/alpine/ericacnr@colostate.edu/GCRF_Pub/01.fastq_processing/raw_data/01.RawData/Z23N00484/Z23N00484_CKDL230023567-1A_HGLGKDSX7_L4_1.fq.gz	NA
s267	23N00436	1	ILLUMINA	Lib-L230023567	HY75HDSX2	L230023567	/scratch/alpine/ericacnr@colostate.edu/GCRF_Pub/01.fastq_processing/raw_data/01.RawData/Z23N00436/Z23N00436_CKDL230023567-1A_HGLGKDSX7_L4_1.fq.gz	NA
s268	23N00436	1	ILLUMINA	Lib-L230023567	HY75HDSX2	L230023567	NA	/scratch/alpine/ericacnr@colostate.edu/GCRF_Pub/01.fastq_processing/raw_data/01.RawData/Z23N00436/Z23N00436_CKDL230023567-1A_HGLGKDSX7_L4_2.fq.gz
s269	23N00555	1	ILLUMINA	Lib-L240036090	HY75HDSX2	L240036090	/scratch/alpine/ericacnr@colostate.edu/GCRF_Pub/01.fastq_processing/raw_data/01.RawData/R_23N00555/R_23N00555_CKDL240036090-1A_22HNCJLT4_L7_1.fq.gz	NA
s270	23N00555	1	ILLUMINA	Lib-L240036090	HY75HDSX2	L240036090	NA	/scratch/alpine/ericacnr@colostate.edu/GCRF_Pub/01.fastq_processing/raw_data/01.RawData/R_23N00555/R_23N00555_CKDL240036090-1A_22HNCJLT4_L7_2.fq.gz
s271	23N00464	1	ILLUMINA	Lib-L230023567	HY75HDSX2	L230023567	/scratch/alpine/ericacnr@colostate.edu/GCRF_Pub/01.fastq_processing/raw_data/01.RawData/Z23N00464/Z23N00464_CKDL230023567-1A_HGLGKDSX7_L4_1.fq.gz	NA
s272	23N00464	1	ILLUMINA	Lib-L230023567	HY75HDSX2	L230023567	NA	/scratch/alpine/ericacnr@colostate.edu/GCRF_Pub/01.fastq_processing/raw_data/01.RawData/Z23N00464/Z23N00464_CKDL230023567-1A_HGLGKDSX7_L4_2.fq.gz
s273	23N00439	1	ILLUMINA	Lib-L230023567	HY75HDSX2	L230023567	NA	/scratch/alpine/ericacnr@colostate.edu/GCRF_Pub/01.fastq_processing/raw_data/01.RawData/Z23N00439/Z23N00439_CKDL230023567-1A_HGLGKDSX7_L4_2.fq.gz
s274	23N00439	1	ILLUMINA	Lib-L230023567	HY75HDSX2	L230023567	/scratch/alpine/ericacnr@colostate.edu/GCRF_Pub/01.fastq_processing/raw_data/01.RawData/Z23N00439/Z23N00439_CKDL230023567-1A_HGLGKDSX7_L4_1.fq.gz	NA
s275	23N00542	1	ILLUMINA	Lib-L240036090	HY75HDSX2	L240036090	/scratch/alpine/ericacnr@colostate.edu/GCRF_Pub/01.fastq_processing/raw_data/01.RawData/R_23N00542/R_23N00542_CKDL240036090-1A_22HNCJLT4_L7_1.fq.gz	NA
s276	23N00542	1	ILLUMINA	Lib-L240036090	HY75HDSX2	L240036090	NA	/scratch/alpine/ericacnr@colostate.edu/GCRF_Pub/01.fastq_processing/raw_data/01.RawData/R_23N00542/R_23N00542_CKDL240036090-1A_22HNCJLT4_L7_2.fq.gz
s277	19N00139	1	ILLUMINA	Lib-L240036090	HY75HDSX2	L240036090	/scratch/alpine/ericacnr@colostate.edu/GCRF_Pub/01.fastq_processing/raw_data/01.RawData/R_19N00139/R_19N00139_CKDL240036090-1A_22HNCJLT4_L7_1.fq.gz	NA
s278	19N00139	1	ILLUMINA	Lib-L240036090	HY75HDSX2	L240036090	NA	/scratch/alpine/ericacnr@colostate.edu/GCRF_Pub/01.fastq_processing/raw_data/01.RawData/R_19N00139/R_19N00139_CKDL240036090-1A_22HNCJLT4_L7_2.fq.gz
s279	23N00421	1	ILLUMINA	Lib-L230023567	HY75HDSX2	L230023567	/scratch/alpine/ericacnr@colostate.edu/GCRF_Pub/01.fastq_processing/raw_data/01.RawData/Z23N00421/Z23N00421_CKDL230023567-1A_HGLGKDSX7_L4_1.fq.gz	NA
s280	23N00421	1	ILLUMINA	Lib-L230023567	HY75HDSX2	L230023567	NA	/scratch/alpine/ericacnr@colostate.edu/GCRF_Pub/01.fastq_processing/raw_data/01.RawData/Z23N00421/Z23N00421_CKDL230023567-1A_HGLGKDSX7_L4_2.fq.gz
s281	23N00537	1	ILLUMINA	Lib-L240036090	HY75HDSX2	L240036090	NA	/scratch/alpine/ericacnr@colostate.edu/GCRF_Pub/01.fastq_processing/raw_data/01.RawData/R_23N00537/R_23N00537_CKDL240036090-1A_22HNCJLT4_L7_2.fq.gz
s282	23N00537	1	ILLUMINA	Lib-L240036090	HY75HDSX2	L240036090	/scratch/alpine/ericacnr@colostate.edu/GCRF_Pub/01.fastq_processing/raw_data/01.RawData/R_23N00537/R_23N00537_CKDL240036090-1A_22HNCJLT4_L7_1.fq.gz	NA
s283	23N00524	1	ILLUMINA	Lib-L240036090	HY75HDSX2	L240036090	NA	/scratch/alpine/ericacnr@colostate.edu/GCRF_Pub/01.fastq_processing/raw_data/01.RawData/R_23N00524/R_23N00524_CKDL240036090-1A_22HNCJLT4_L7_2.fq.gz
s284	23N00524	1	ILLUMINA	Lib-L240036090	HY75HDSX2	L240036090	/scratch/alpine/ericacnr@colostate.edu/GCRF_Pub/01.fastq_processing/raw_data/01.RawData/R_23N00524/R_23N00524_CKDL240036090-1A_22HNCJLT4_L7_1.fq.gz	NA
s285	23N00481	1	ILLUMINA	Lib-L230023567	HY75HDSX2	L230023567	/scratch/alpine/ericacnr@colostate.edu/GCRF_Pub/01.fastq_processing/raw_data/01.RawData/Z23N00481/Z23N00481_CKDL230023567-1A_HGLGKDSX7_L4_1.fq.gz	NA
s286	23N00481	1	ILLUMINA	Lib-L230023567	HY75HDSX2	L230023567	NA	/scratch/alpine/ericacnr@colostate.edu/GCRF_Pub/01.fastq_processing/raw_data/01.RawData/Z23N00481/Z23N00481_CKDL230023567-1A_HGLGKDSX7_L4_2.fq.gz
s287	23N00530	1	ILLUMINA	Lib-L240036090	HY75HDSX2	L240036090	/scratch/alpine/ericacnr@colostate.edu/GCRF_Pub/01.fastq_processing/raw_data/01.RawData/R_23N00530/R_23N00530_CKDL240036090-1A_22HNCJLT4_L7_1.fq.gz	NA
s288	23N00530	1	ILLUMINA	Lib-L240036090	HY75HDSX2	L240036090	NA	/scratch/alpine/ericacnr@colostate.edu/GCRF_Pub/01.fastq_processing/raw_data/01.RawData/R_23N00530/R_23N00530_CKDL240036090-1A_22HNCJLT4_L7_2.fq.gz
s289	23N00503	1	ILLUMINA	Lib-L230023567	HY75HDSX2	L230023567	/scratch/alpine/ericacnr@colostate.edu/GCRF_Pub/01.fastq_processing/raw_data/01.RawData/Z23N00503/Z23N00503_CKDL230023567-1A_HGLGKDSX7_L4_1.fq.gz	NA
s290	23N00503	1	ILLUMINA	Lib-L230023567	HY75HDSX2	L230023567	NA	/scratch/alpine/ericacnr@colostate.edu/GCRF_Pub/01.fastq_processing/raw_data/01.RawData/Z23N00503/Z23N00503_CKDL230023567-1A_HGLGKDSX7_L4_2.fq.gz
s291	24N13199	1	ILLUMINA	Lib-L240036090	HY75HDSX2	L240036090	NA	/scratch/alpine/ericacnr@colostate.edu/GCRF_Pub/01.fastq_processing/raw_data/01.RawData/R_24N13199/R_24N13199_CKDL240036090-1A_22HNCJLT4_L7_2.fq.gz
s292	24N13199	1	ILLUMINA	Lib-L240036090	HY75HDSX2	L240036090	/scratch/alpine/ericacnr@colostate.edu/GCRF_Pub/01.fastq_processing/raw_data/01.RawData/R_24N13199/R_24N13199_CKDL240036090-1A_22HNCJLT4_L7_1.fq.gz	NA
s293	19N00128	1	ILLUMINA	Lib-L240036090	HY75HDSX2	L240036090	NA	/scratch/alpine/ericacnr@colostate.edu/GCRF_Pub/01.fastq_processing/raw_data/01.RawData/R_19N00128/R_19N00128_CKDL240036090-1A_22HNCJLT4_L7_2.fq.gz
s294	19N00128	1	ILLUMINA	Lib-L240036090	HY75HDSX2	L240036090	/scratch/alpine/ericacnr@colostate.edu/GCRF_Pub/01.fastq_processing/raw_data/01.RawData/R_19N00128/R_19N00128_CKDL240036090-1A_22HNCJLT4_L7_1.fq.gz	NA
s295	23N00442	1	ILLUMINA	Lib-L230023567	HY75HDSX2	L230023567	/scratch/alpine/ericacnr@colostate.edu/GCRF_Pub/01.fastq_processing/raw_data/01.RawData/Z23N00442/Z23N00442_CKDL230023567-1A_HGLGKDSX7_L4_1.fq.gz	NA
s296	23N00442	1	ILLUMINA	Lib-L230023567	HY75HDSX2	L230023567	NA	/scratch/alpine/ericacnr@colostate.edu/GCRF_Pub/01.fastq_processing/raw_data/01.RawData/Z23N00442/Z23N00442_CKDL230023567-1A_HGLGKDSX7_L4_2.fq.gz
s297	19N00121	1	ILLUMINA	Lib-L240036090	HY75HDSX2	L240036090	/scratch/alpine/ericacnr@colostate.edu/GCRF_Pub/01.fastq_processing/raw_data/01.RawData/R_19N00121/R_19N00121_CKDL240036090-1A_22HNCJLT4_L7_1.fq.gz	NA
s298	19N00121	1	ILLUMINA	Lib-L240036090	HY75HDSX2	L240036090	NA	/scratch/alpine/ericacnr@colostate.edu/GCRF_Pub/01.fastq_processing/raw_data/01.RawData/R_19N00121/R_19N00121_CKDL240036090-1A_22HNCJLT4_L7_2.fq.gz
s299	23N00557	1	ILLUMINA	Lib-L230023567	HY75HDSX2	L230023567	NA	/scratch/alpine/ericacnr@colostate.edu/GCRF_Pub/01.fastq_processing/raw_data/01.RawData/Z23N00557/Z23N00557_CKDL230023567-1A_HGLGKDSX7_L4_2.fq.gz
s300	23N00557	1	ILLUMINA	Lib-L230023567	HY75HDSX2	L230023567	/scratch/alpine/ericacnr@colostate.edu/GCRF_Pub/01.fastq_processing/raw_data/01.RawData/Z23N00557/Z23N00557_CKDL230023567-1A_HGLGKDSX7_L4_1.fq.gz	NA
s301	23N00499	1	ILLUMINA	Lib-L230023567	HY75HDSX2	L230023567	/scratch/alpine/ericacnr@colostate.edu/GCRF_Pub/01.fastq_processing/raw_data/01.RawData/Z23N00499/Z23N00499_CKDL230023567-1A_HGLGKDSX7_L4_1.fq.gz	NA
s302	23N00499	1	ILLUMINA	Lib-L230023567	HY75HDSX2	L230023567	NA	/scratch/alpine/ericacnr@colostate.edu/GCRF_Pub/01.fastq_processing/raw_data/01.RawData/Z23N00499/Z23N00499_CKDL230023567-1A_HGLGKDSX7_L4_2.fq.gz
s303	23N00478	1	ILLUMINA	Lib-L230023567	HY75HDSX2	L230023567	/scratch/alpine/ericacnr@colostate.edu/GCRF_Pub/01.fastq_processing/raw_data/01.RawData/Z23N00478/Z23N00478_CKDL230023567-1A_HGLGKDSX7_L4_1.fq.gz	NA
s304	23N00478	1	ILLUMINA	Lib-L230023567	HY75HDSX2	L230023567	NA	/scratch/alpine/ericacnr@colostate.edu/GCRF_Pub/01.fastq_processing/raw_data/01.RawData/Z23N00478/Z23N00478_CKDL230023567-1A_HGLGKDSX7_L4_2.fq.gz
s305	23N00552	1	ILLUMINA	Lib-L240036090	HY75HDSX2	L240036090	/scratch/alpine/ericacnr@colostate.edu/GCRF_Pub/01.fastq_processing/raw_data/01.RawData/R_23N00552/R_23N00552_CKDL240036090-1A_22HNCJLT4_L7_1.fq.gz	NA
s306	23N00552	1	ILLUMINA	Lib-L240036090	HY75HDSX2	L240036090	NA	/scratch/alpine/ericacnr@colostate.edu/GCRF_Pub/01.fastq_processing/raw_data/01.RawData/R_23N00552/R_23N00552_CKDL240036090-1A_22HNCJLT4_L7_2.fq.gz
s307	19N00124	1	ILLUMINA	Lib-L240036090	HY75HDSX2	L240036090	/scratch/alpine/ericacnr@colostate.edu/GCRF_Pub/01.fastq_processing/raw_data/01.RawData/R_19N00124/R_19N00124_CKDL240036090-1A_22HNCJLT4_L7_1.fq.gz	NA
s308	19N00124	1	ILLUMINA	Lib-L240036090	HY75HDSX2	L240036090	NA	/scratch/alpine/ericacnr@colostate.edu/GCRF_Pub/01.fastq_processing/raw_data/01.RawData/R_19N00124/R_19N00124_CKDL240036090-1A_22HNCJLT4_L7_2.fq.gz
s309	23N00428	1	ILLUMINA	Lib-L230023567	HY75HDSX2	L230023567	NA	/scratch/alpine/ericacnr@colostate.edu/GCRF_Pub/01.fastq_processing/raw_data/01.RawData/Z23N00428/Z23N00428_CKDL230023567-1A_HGLGKDSX7_L4_2.fq.gz
s310	23N00428	1	ILLUMINA	Lib-L230023567	HY75HDSX2	L230023567	/scratch/alpine/ericacnr@colostate.edu/GCRF_Pub/01.fastq_processing/raw_data/01.RawData/Z23N00428/Z23N00428_CKDL230023567-1A_HGLGKDSX7_L4_1.fq.gz	NA
s311	23N00482	1	ILLUMINA	Lib-L230023567	HY75HDSX2	L230023567	NA	/scratch/alpine/ericacnr@colostate.edu/GCRF_Pub/01.fastq_processing/raw_data/01.RawData/Z23N00482/Z23N00482_CKDL230023567-1A_HGLGKDSX7_L4_2.fq.gz
s312	23N00482	1	ILLUMINA	Lib-L230023567	HY75HDSX2	L230023567	/scratch/alpine/ericacnr@colostate.edu/GCRF_Pub/01.fastq_processing/raw_data/01.RawData/Z23N00482/Z23N00482_CKDL230023567-1A_HGLGKDSX7_L4_1.fq.gz	NA
s313	23N00450	1	ILLUMINA	Lib-L230023567	HY75HDSX2	L230023567	/scratch/alpine/ericacnr@colostate.edu/GCRF_Pub/01.fastq_processing/raw_data/01.RawData/Z23N00450/Z23N00450_CKDL230023567-1A_HGLGKDSX7_L4_1.fq.gz	NA
s314	23N00450	1	ILLUMINA	Lib-L230023567	HY75HDSX2	L230023567	NA	/scratch/alpine/ericacnr@colostate.edu/GCRF_Pub/01.fastq_processing/raw_data/01.RawData/Z23N00450/Z23N00450_CKDL230023567-1A_HGLGKDSX7_L4_2.fq.gz
s315	23N00541	1	ILLUMINA	Lib-L240036090	HY75HDSX2	L240036090	NA	/scratch/alpine/ericacnr@colostate.edu/GCRF_Pub/01.fastq_processing/raw_data/01.RawData/R_23N00541/R_23N00541_CKDL240036090-1A_22HNCJLT4_L7_2.fq.gz
s316	23N00541	1	ILLUMINA	Lib-L240036090	HY75HDSX2	L240036090	/scratch/alpine/ericacnr@colostate.edu/GCRF_Pub/01.fastq_processing/raw_data/01.RawData/R_23N00541/R_23N00541_CKDL240036090-1A_22HNCJLT4_L7_1.fq.gz	NA
s317	23N00477	1	ILLUMINA	Lib-L230023567	HY75HDSX2	L230023567	/scratch/alpine/ericacnr@colostate.edu/GCRF_Pub/01.fastq_processing/raw_data/01.RawData/Z23N00477/Z23N00477_CKDL230023567-1A_HGLGKDSX7_L4_1.fq.gz	NA
s318	23N00477	1	ILLUMINA	Lib-L230023567	HY75HDSX2	L230023567	NA	/scratch/alpine/ericacnr@colostate.edu/GCRF_Pub/01.fastq_processing/raw_data/01.RawData/Z23N00477/Z23N00477_CKDL230023567-1A_HGLGKDSX7_L4_2.fq.gz
s319	23N00433	1	ILLUMINA	Lib-L230023567	HY75HDSX2	L230023567	/scratch/alpine/ericacnr@colostate.edu/GCRF_Pub/01.fastq_processing/raw_data/01.RawData/Z23N00433/Z23N00433_CKDL230023567-1A_HGLGKDSX7_L4_1.fq.gz	NA
s320	23N00433	1	ILLUMINA	Lib-L230023567	HY75HDSX2	L230023567	NA	/scratch/alpine/ericacnr@colostate.edu/GCRF_Pub/01.fastq_processing/raw_data/01.RawData/Z23N00433/Z23N00433_CKDL230023567-1A_HGLGKDSX7_L4_2.fq.gz
s321	19N00137	1	ILLUMINA	Lib-L240036090	HY75HDSX2	L240036090	NA	/scratch/alpine/ericacnr@colostate.edu/GCRF_Pub/01.fastq_processing/raw_data/01.RawData/R_19N00137/R_19N00137_CKDL240036090-1A_22HNCJLT4_L7_2.fq.gz
s322	19N00137	1	ILLUMINA	Lib-L240036090	HY75HDSX2	L240036090	/scratch/alpine/ericacnr@colostate.edu/GCRF_Pub/01.fastq_processing/raw_data/01.RawData/R_19N00137/R_19N00137_CKDL240036090-1A_22HNCJLT4_L7_1.fq.gz	NA
