"chr","sca","mean.loc","sca.ori"
"1","Scaffold_337__1_contigs__length_10420",530572,1
"1","Scaffold_5104__1_contigs__length_1863",1044762,-1
"1","Scaffold_5365__1_contigs__length_1774",4148856,1
"1","Scaffold_2605__1_contigs__length_3384",6701115,-1
"1","Scaffold_2237__1_contigs__length_3750",15132561,1
"1","Scaffold_3527__1_contigs__length_2708",18466796.3019571,-1
"1","Scaffold_9605__1_contigs__length_1075",18999635.5,1
"1","Scaffold_1938__1_contigs__length_4120",21646854,-1
"1","Scaffold_5845__1_contigs__length_1642",28581850,1
"1","Scaffold_6706__1_contigs__length_1457",29315504.5,-1
"1","Scaffold_4358__1_contigs__length_2187",38810957.5,-1
"1","Scaffold_1571__1_contigs__length_4783",39126158.3888635,-1
"1","Scaffold_1308__1_contigs__length_5407",40586360,1
"1","Scaffold_5237__1_contigs__length_1814",41558698.5,1
"1","Scaffold_2007__1_contigs__length_4021",48109801.5,1
"1","Scaffold_9920__1_contigs__length_1047",48277893,-1
"1","Scaffold_2__1_contigs__length_114774641",56826270.3367391,1
"1","Scaffold_133__1_contigs__length_19554",74819403.5,1
"1","Scaffold_996__1_contigs__length_6144",75366777,-1
"1","Scaffold_9491__1_contigs__length_1088",84719366,-1
"1","Scaffold_881__1_contigs__length_6460",85512258.1157862,-1
"1","Scaffold_370__1_contigs__length_9771",85520872,1
"1","Scaffold_876__1_contigs__length_6471",85826514,1
"1","Scaffold_931__1_contigs__length_6303",87772932.5,-1
"1","Scaffold_7661__1_contigs__length_1292",92373998,-1
"1","Scaffold_287__1_contigs__length_11880",95597225.0315952,1
"1","Scaffold_1020__1_contigs__length_6046",100426400,-1
"1","Scaffold_6940__1_contigs__length_1409",100429813,1
"1","Scaffold_3364__1_contigs__length_2828",100444588,1
"1","Scaffold_3698__1_contigs__length_2597",102204944.5,1
"1","Scaffold_3044__1_contigs__length_3053",107768684,1
"1","Scaffold_788__1_contigs__length_6863",108999848,-1
"1","Scaffold_1335__1_contigs__length_5314",110234782,1
"1","Scaffold_6655__1_contigs__length_1466",110976167,-1
"1","Scaffold_2630__1_contigs__length_3362",111218900,-1
"1","Scaffold_3998__1_contigs__length_2398",111237790.5,-1
"1","Scaffold_4792__1_contigs__length_1990",111395308.5,-1
"1","Scaffold_2647__1_contigs__length_3342",111437699,1
"1","Scaffold_2130__1_contigs__length_3879",111441116.5,-1
"1","Scaffold_1596__1_contigs__length_4723",111446207,-1
"1","Scaffold_2554__1_contigs__length_3433",111527383.028561,1
"1","Scaffold_4844__1_contigs__length_1971",111739862,-1
"1","Scaffold_6034__1_contigs__length_1595",111748980.5,1
"1","Scaffold_6868__1_contigs__length_1424",111778392.5,-1
"1","Scaffold_2525__1_contigs__length_3454",111883509,-1
"1","Scaffold_6562__1_contigs__length_1484",112028891,-1
"1","Scaffold_423__1_contigs__length_9039",112033077.184956,-1
"1","Scaffold_2031__1_contigs__length_3992",112037885,-1
"1","Scaffold_3704__1_contigs__length_2590",112042321.5,-1
"1","Scaffold_6189__1_contigs__length_1560",112043768,-1
"1","Scaffold_3572__1_contigs__length_2682",112052756.5,-1
"1","Scaffold_2799__1_contigs__length_3222",112081249.5,-1
"1","Scaffold_319__1_contigs__length_10861",112183063,-1
"1","Scaffold_114__1_contigs__length_22003",112195150.706825,-1
"1","Scaffold_4729__1_contigs__length_2017",112197612,-1
"1","Scaffold_277__1_contigs__length_12140",112225976.540635,-1
"1","Scaffold_6286__1_contigs__length_1537",112347613,1
"1","Scaffold_778__1_contigs__length_6953",112596288,1
"1","Scaffold_148__1_contigs__length_18525",112618748.14135,1
"1","Scaffold_510__1_contigs__length_8440",112629352.1727,1
"1","Scaffold_1569__1_contigs__length_4783",112911296,1
"1","Scaffold_8410__1_contigs__length_1191",112977286.5,-1
"1","Scaffold_3198__1_contigs__length_2955",112979008.5,-1
"1","Scaffold_1950__1_contigs__length_4101",113044515.5,1
"1","Scaffold_5374__1_contigs__length_1771",113442268.5,-1
"1","Scaffold_385__1_contigs__length_9574",113447664.890698,-1
"1","Scaffold_379__1_contigs__length_9654",113448101.531156,-1
"1","Scaffold_376__1_contigs__length_9690",113484756,-1
"1","Scaffold_4334__1_contigs__length_2197",113488080,-1
"1","Scaffold_7335__1_contigs__length_1342",113498307.5,-1
"1","Scaffold_1521__1_contigs__length_4912",113506719.5,-1
"1","Scaffold_1450__1_contigs__length_5064",113526126,-1
"1","Scaffold_6312__1_contigs__length_1531",113663825,-1
"1","Scaffold_2009__1_contigs__length_4016",113787753.5,-1
"1","Scaffold_4133__1_contigs__length_2304",113792658.5,-1
"1.1","Scaffold_3937__1_contigs__length_2440",241732,1
"1.1","Scaffold_3910__1_contigs__length_2455",243219.5,1
"1.1","Scaffold_2479__1_contigs__length_3495",257225.738017072,1
"1.1","Scaffold_5702__1_contigs__length_1678",264343.5,-1
"1.1","Scaffold_1932__1_contigs__length_4131",284265.125786163,-1
"1.1","Scaffold_4679__1_contigs__length_2035",297665.5,-1
"1.1","Scaffold_3550__1_contigs__length_2695",443146.5,1
"1.1","Scaffold_4127__1_contigs__length_2305",461594.5,-1
"1.1","Scaffold_62__1_contigs__length_34951",475827.096090794,1
"1.1","Scaffold_749__1_contigs__length_7128",498157.280211942,1
"1.1","Scaffold_3869__1_contigs__length_2486",506583.5,1
"1.1","Scaffold_184__1_contigs__length_15757",521708.269504621,1
"1.1","Scaffold_174__1_contigs__length_16140",522555.359333918,1
"1.1","Scaffold_5965__1_contigs__length_1613",529918,1
"1.1","Scaffold_5925__1_contigs__length_1623",529921.5,1
"1.1","Scaffold_4857__1_contigs__length_1966",531785.5,1
"1.1","Scaffold_3847__1_contigs__length_2503",534074.601072607,1
"1.1","Scaffold_265__1_contigs__length_12488",544585.013227513,1
"1.1","Scaffold_2530__1_contigs__length_3450",569634,1
"1.1","Scaffold_4834__1_contigs__length_1975",655968,1
"1.1","Scaffold_1635__1_contigs__length_4624",662708.548307692,1
"1.1","Scaffold_1593__1_contigs__length_4729",669741.5,1
"1.1","Scaffold_414__1_contigs__length_9126",676541.771644162,1
"1.1","Scaffold_1422__1_contigs__length_5107",898876.357585139,1
"1.1","Scaffold_445__1_contigs__length_8879",911910,-1
"1.1","Scaffold_5448__1_contigs__length_1749",1671929,1
"1.1","Scaffold_4219__1_contigs__length_2259",1823749,-1
"1.1","Scaffold_552__1_contigs__length_8075",1826718,-1
"1.1","Scaffold_547__1_contigs__length_8081",1830095,1
"1.1","Scaffold_3904__1_contigs__length_2460",1860371.21076436,-1
"1.1","Scaffold_3492__1_contigs__length_2737",1908722.5,1
"1.1","Scaffold_3209__1_contigs__length_2946",2009862,-1
"1.1","Scaffold_7120__1_contigs__length_1376",2014028.5,-1
"1.1","Scaffold_4341__1_contigs__length_2194",2225744,1
"1.1","Scaffold_5772__1_contigs__length_1660",2373752.5,-1
"1.1","Scaffold_7649__1_contigs__length_1294",2682220,-1
"1.1","Scaffold_3935__1_contigs__length_2443",2826568,-1
"1.1","Scaffold_5155__1_contigs__length_1845",2892987,-1
"1.1","Scaffold_4336__1_contigs__length_2197",3443174.5,-1
"1.1","Scaffold_9833__1_contigs__length_1055",20963762.5,-1
"1.1","Scaffold_1132__1_contigs__length_5779",30530883,-1
"1.1","Scaffold_1988__1_contigs__length_4047",30536274.4263223,-1
"1.1","Scaffold_1992__1_contigs__length_4043",31053678,-1
"1.1","Scaffold_6__1_contigs__length_71876329",36059439.4259535,1
"1.1","Scaffold_913__1_contigs__length_6374",45525834,1
"1.1","Scaffold_499__1_contigs__length_8496",46520398,1
"1.1","Scaffold_7801__1_contigs__length_1271",46523490,1
"1.1","Scaffold_6910__1_contigs__length_1415",50088767,1
"1.1","Scaffold_5726__1_contigs__length_1672",53627675,-1
"1.1","Scaffold_1951__1_contigs__length_4101",53630780.5,1
"1.1","Scaffold_6232__1_contigs__length_1551",54529502.5,1
"1.1","Scaffold_81__1_contigs__length_26279",61659745,-1
"1.1","Scaffold_330__1_contigs__length_10550",61675216,-1
"1.1","Scaffold_677__1_contigs__length_7517",63447126.5,-1
"1.1","Scaffold_4368__1_contigs__length_2182",63515558.5,-1
"1.1","Scaffold_1104__1_contigs__length_5849",64675039,-1
"1.1","Scaffold_7481__1_contigs__length_1319",65763357,-1
"1.1","Scaffold_1227__1_contigs__length_5580",66045543,-1
"1.1","Scaffold_3095__1_contigs__length_3029",66050251.2737743,1
"1.1","Scaffold_4827__1_contigs__length_1979",68578966.5,1
"10","Scaffold_432__1_contigs__length_8998",1954784.92289988,1
"10","Scaffold_10089__1_contigs__length_1031",2154347.5,-1
"10","Scaffold_2067__1_contigs__length_3943",2320941,-1
"10","Scaffold_9704__1_contigs__length_1067",2376763.5,-1
"10","Scaffold_2160__1_contigs__length_3847",10430731,-1
"10","Scaffold_21__1_contigs__length_20640149",10481423.7568932,-1
"10","Scaffold_3389__1_contigs__length_2813",11517948,1
"10","Scaffold_3996__1_contigs__length_2399",15900306,1
"10","Scaffold_3204__1_contigs__length_2950",19054856,-1
"10","Scaffold_7998__1_contigs__length_1244",19183895,1
"10","Scaffold_5540__1_contigs__length_1722",19185138.5,1
"10","Scaffold_1289__1_contigs__length_5458",19234763.6434627,1
"10","Scaffold_7312__1_contigs__length_1346",19447322,1
"10","Scaffold_7996__1_contigs__length_1245",19743604,1
"10","Scaffold_5031__1_contigs__length_1890",19745109,1
"11","Scaffold_5927__1_contigs__length_1623",2322085,-1
"11","Scaffold_216__1_contigs__length_14182",8629260,1
"11","Scaffold_215__1_contigs__length_14187",8629532.60959951,1
"11","Scaffold_152__1_contigs__length_18048",8649266,1
"11","Scaffold_353__1_contigs__length_10034",8661906.5,1
"11","Scaffold_5827__1_contigs__length_1645",9685186,1
"11","Scaffold_19__1_contigs__length_21238924",10078319.3636634,1
"11","Scaffold_1223__1_contigs__length_5587",11549592,-1
"11","Scaffold_1150__1_contigs__length_5734",11555427.081864,-1
"11","Scaffold_9402__1_contigs__length_1095",12606877.5,1
"11","Scaffold_1997__1_contigs__length_4036",14323552,1
"11","Scaffold_1839__1_contigs__length_4281",15366654.5,-1
"11","Scaffold_139__1_contigs__length_18766",16470051.5,1
"11","Scaffold_1508__1_contigs__length_4939",16470612.5,1
"11","Scaffold_179__1_contigs__length_15904",16491805.5,1
"11","Scaffold_806__1_contigs__length_6723",16852793,-1
"11","Scaffold_673__1_contigs__length_7530",19693976.5,1
"12","Scaffold_5778__1_contigs__length_1658",477447.5,-1
"12","Scaffold_1975__1_contigs__length_4066",662957,1
"12","Scaffold_1927__1_contigs__length_4147",811615.5,1
"12","Scaffold_3561__1_contigs__length_2686",1815363.5,1
"12","Scaffold_2119__1_contigs__length_3894",1818185,1
"12","Scaffold_8330__1_contigs__length_1199",1822236.5,1
"12","Scaffold_1152__1_contigs__length_5729",2793633.5,-1
"12","Scaffold_1153__1_contigs__length_5729",2797203.5,1
"12","Scaffold_7688__1_contigs__length_1288",2942550.5,-1
"12","Scaffold_7024__1_contigs__length_1396",2973838,-1
"12","Scaffold_8743__1_contigs__length_1154",2974924,1
"12","Scaffold_20__1_contigs__length_20685320",10135758.6456122,1
"12","Scaffold_3455__1_contigs__length_2768",16901513.5,1
"12","Scaffold_1698__1_contigs__length_4494",17866969.5,-1
"12","Scaffold_3101__1_contigs__length_3026",17886164,1
"12","Scaffold_1743__1_contigs__length_4414",18151385,-1
"12","Scaffold_945__1_contigs__length_6265",18697033.5,1
"12","Scaffold_954__1_contigs__length_6227",18700275,1
"12","Scaffold_7824__1_contigs__length_1267",19292549,1
"13","Scaffold_98__1_contigs__length_24331",878712.110348408,-1
"13","Scaffold_97__1_contigs__length_24405",884604.831055901,1
"13","Scaffold_3677__1_contigs__length_2615",1574176,-1
"13","Scaffold_5463__1_contigs__length_1743",1576668,1
"13","Scaffold_1054__1_contigs__length_5981",1643911.96891997,1
"13","Scaffold_3071__1_contigs__length_3043",1672035,1
"13","Scaffold_4967__1_contigs__length_1917",1674779.5,-1
"13","Scaffold_3353__1_contigs__length_2834",1677080.5,1
"13","Scaffold_3445__1_contigs__length_2774",1678921.5,1
"13","Scaffold_5559__1_contigs__length_1716",1681139.5,-1
"13","Scaffold_3245__1_contigs__length_2913",1683277,1
"13","Scaffold_3783__1_contigs__length_2540",1711650,1
"13","Scaffold_672__1_contigs__length_7530",2172959,1
"13","Scaffold_9740__1_contigs__length_1063",6510426.5,1
"13","Scaffold_3435__1_contigs__length_2777",7040446.5,-1
"13","Scaffold_7653__1_contigs__length_1293",7136836,1
"13","Scaffold_6758__1_contigs__length_1446",7137151.5,1
"13","Scaffold_23__1_contigs__length_18116493",9063183.28307706,-1
"13","Scaffold_754__1_contigs__length_7096",15967040.3939394,-1
"13","Scaffold_94__1_contigs__length_25069",16234205.5799929,-1
"13","Scaffold_93__1_contigs__length_25086",16242007.4881385,1
"13","Scaffold_2761__1_contigs__length_3251",17346419.9966118,1
"13","Scaffold_1428__1_contigs__length_5100",17780710.8604987,-1
"14","Scaffold_612__1_contigs__length_7751",694428.5,1
"14","Scaffold_1100__1_contigs__length_5855",699886,1
"14","Scaffold_3524__1_contigs__length_2710",1481993.5,1
"14","Scaffold_4713__1_contigs__length_2024",5138006.5,-1
"14","Scaffold_1980__1_contigs__length_4058",7168695,-1
"14","Scaffold_5150__1_contigs__length_1848",7458293.5,1
"14","Scaffold_10048__1_contigs__length_1034",7569336.5,-1
"14","Scaffold_24__1_contigs__length_16295608",7884942.41182574,1
"14","Scaffold_8596__1_contigs__length_1170",7911947,-1
"14","Scaffold_500__1_contigs__length_8493",10764610.8149466,-1
"14","Scaffold_2442__1_contigs__length_3535",14128380.7214171,1
"14","Scaffold_8675__1_contigs__length_1162",14699806.5,-1
"14","Scaffold_3183__1_contigs__length_2966",14879814.5,1
"14","Scaffold_1106__1_contigs__length_5838",16212122.5,-1
"15","Scaffold_679__1_contigs__length_7514",909495.5,1
"15","Scaffold_3585__1_contigs__length_2673",1035214,1
"15","Scaffold_1441__1_contigs__length_5080",1039203.78621089,1
"15","Scaffold_1098__1_contigs__length_5857",1708063.43374503,-1
"15","Scaffold_4767__1_contigs__length_2001",1712344.5,1
"15","Scaffold_1218__1_contigs__length_5595",1719148.63074039,1
"15","Scaffold_1826__1_contigs__length_4302",2048155,-1
"15","Scaffold_1560__1_contigs__length_4808",2368819,1
"15","Scaffold_911__1_contigs__length_6382",2666908,1
"15","Scaffold_1664__1_contigs__length_4557",2670813.14643799,1
"15","Scaffold_6032__1_contigs__length_1595",2671015.5,1
"15","Scaffold_4960__1_contigs__length_1919",3125697,-1
"15","Scaffold_897__1_contigs__length_6414",3390653,1
"15","Scaffold_2844__1_contigs__length_3188",4218351.5,1
"15","Scaffold_2240__1_contigs__length_3748",5327444,1
"15","Scaffold_474__1_contigs__length_8647",5334974.23719455,1
"15","Scaffold_26__1_contigs__length_14031782",6781267.08172039,1
"15","Scaffold_3924__1_contigs__length_2445",9157255.01539101,-1
"15","Scaffold_2033__1_contigs__length_3989",9162832.68181818,-1
"15","Scaffold_1573__1_contigs__length_4781",11733318.5,-1
"15","Scaffold_1928__1_contigs__length_4142",12451566.5,1
"15","Scaffold_1269__1_contigs__length_5487",13295502.5,1
"15","Scaffold_2959__1_contigs__length_3100",13363344,1
"15","Scaffold_596__1_contigs__length_7820",13365214,1
"15","Scaffold_4693__1_contigs__length_2030",13373264,1
"15","Scaffold_204__1_contigs__length_14504",13386507,1
"16","Scaffold_3737__1_contigs__length_2572",53081.5,-1
"16","Scaffold_4021__1_contigs__length_2383",238354,-1
"16","Scaffold_4680__1_contigs__length_2034",322446.5,-1
"16","Scaffold_8763__1_contigs__length_1152",420028,-1
"16","Scaffold_5500__1_contigs__length_1733",441982,-1
"16","Scaffold_7932__1_contigs__length_1253",490637.5,1
"16","Scaffold_4327__1_contigs__length_2199",949297,-1
"16","Scaffold_4161__1_contigs__length_2289",998039,-1
"16","Scaffold_7799__1_contigs__length_1271",1039556.5,-1
"17","Scaffold_63__1_contigs__length_34484",982237.695844563,-1
"17","Scaffold_64__1_contigs__length_34483",999081,-1
"17","Scaffold_1858__1_contigs__length_4249",1005833,-1
"17","Scaffold_6322__1_contigs__length_1530",1009867.5,-1
"17","Scaffold_6470__1_contigs__length_1496",1184525.5,1
"17","Scaffold_3219__1_contigs__length_2941",2047129.5,-1
"17","Scaffold_1600__1_contigs__length_4710",2304085,-1
"17","Scaffold_2225__1_contigs__length_3760",2311919.03380049,1
"17","Scaffold_2995__1_contigs__length_3081",2314400.5,-1
"17","Scaffold_3318__1_contigs__length_2859",2444628,-1
"17","Scaffold_5689__1_contigs__length_1680",2700253.5,-1
"17","Scaffold_1082__1_contigs__length_5933",2723990.5,1
"17","Scaffold_2866__1_contigs__length_3170",3080428.5,-1
"17","Scaffold_3020__1_contigs__length_3068",3119637.5,1
"17","Scaffold_5662__1_contigs__length_1686",3856015.5,1
"17","Scaffold_28__1_contigs__length_11240829",5827772.69538008,-1
"17","Scaffold_2623__1_contigs__length_3367",8274463,-1
"17","Scaffold_3578__1_contigs__length_2676",8282925.5,1
"17","Scaffold_3146__1_contigs__length_3001",8366438.5,1
"17","Scaffold_4060__1_contigs__length_2360",10916281,1
"18","Scaffold_9542__1_contigs__length_1083",473026,1
"18","Scaffold_6093__1_contigs__length_1581",501367,1
"18","Scaffold_3293__1_contigs__length_2882",695911.5,-1
"18","Scaffold_2501__1_contigs__length_3477",970500,1
"18","Scaffold_2762__1_contigs__length_3251",1093719.5,-1
"18","Scaffold_792__1_contigs__length_6846",1302831.4851372,1
"18","Scaffold_509__1_contigs__length_8443",1816131.54711674,1
"18","Scaffold_846__1_contigs__length_6575",1998660,1
"18","Scaffold_400__1_contigs__length_9349",2013069,-1
"18","Scaffold_3597__1_contigs__length_2663",2589487.5,-1
"18","Scaffold_3416__1_contigs__length_2794",2593115,1
"18","Scaffold_1542__1_contigs__length_4839",4495095.81022125,-1
"18","Scaffold_1663__1_contigs__length_4560",4501131,1
"18","Scaffold_2668__1_contigs__length_3325",4504538.5,1
"18","Scaffold_2904__1_contigs__length_3138",4539376.5,-1
"18","Scaffold_7660__1_contigs__length_1292",4542002,-1
"18","Scaffold_6206__1_contigs__length_1556",4605288.5,-1
"18","Scaffold_4614__1_contigs__length_2067",4607660.5,1
"18","Scaffold_2183__1_contigs__length_3814",4610417,1
"18","Scaffold_632__1_contigs__length_7651",4619023.36132226,-1
"18","Scaffold_2537__1_contigs__length_3442",4625880,-1
"18","Scaffold_2991__1_contigs__length_3082",5182953.1114082,1
"18","Scaffold_1734__1_contigs__length_4425",5214420.74946004,-1
"18","Scaffold_6229__1_contigs__length_1552",5244817,1
"18","Scaffold_2894__1_contigs__length_3145",5275724.85338726,1
"18","Scaffold_27__1_contigs__length_12364714",5934159.44187769,-1
"18","Scaffold_5111__1_contigs__length_1861",6262454,-1
"18","Scaffold_3920__1_contigs__length_2447",6289788,-1
"18","Scaffold_495__1_contigs__length_8500",6324888.16755143,-1
"18","Scaffold_2163__1_contigs__length_3836",6341842,1
"18","Scaffold_192__1_contigs__length_15237",6353715.01192817,-1
"18","Scaffold_4074__1_contigs__length_2350",6364430.5,-1
"18","Scaffold_9495__1_contigs__length_1088",6387371.5,1
"18","Scaffold_8585__1_contigs__length_1171",6995706.5,1
"18","Scaffold_112__1_contigs__length_22456",7399818.37097685,1
"18","Scaffold_111__1_contigs__length_22462",7404387.86061637,1
"18","Scaffold_2473__1_contigs__length_3503",7830178,1
"18","Scaffold_3263__1_contigs__length_2902",10732821.5,-1
"19","Scaffold_3824__1_contigs__length_2517",1448589,1
"19","Scaffold_705__1_contigs__length_7381",3093520,1
"19","Scaffold_29__1_contigs__length_11217357",4042214.71861708,1
"19","Scaffold_766__1_contigs__length_7037",5195949.94812362,-1
"19","Scaffold_396__1_contigs__length_9376",5197437.5,1
"19","Scaffold_3036__1_contigs__length_3056",7094467.5,1
"19","Scaffold_272__1_contigs__length_12311",7920905.42219542,-1
"19","Scaffold_268__1_contigs__length_12352",7928401,-1
"19","Scaffold_218__1_contigs__length_14144",7972598,-1
"2","Scaffold_1124__1_contigs__length_5788",349031.133576199,1
"2","Scaffold_5255__1_contigs__length_1810",350899.5,1
"2","Scaffold_2572__1_contigs__length_3415",353228.5,1
"2","Scaffold_1072__1_contigs__length_5950",359785.274509804,-1
"2","Scaffold_2109__1_contigs__length_3899",367698.5,1
"2","Scaffold_285__1_contigs__length_11999",374799.404891898,-1
"2","Scaffold_258__1_contigs__length_12924",418764.5,-1
"2","Scaffold_3972__1_contigs__length_2415",421335,-1
"2","Scaffold_4717__1_contigs__length_2024",423091,1
"2","Scaffold_4456__1_contigs__length_2139",427396.5,1
"2","Scaffold_1061__1_contigs__length_5971",433819,1
"2","Scaffold_1066__1_contigs__length_5967",433823,1
"2","Scaffold_982__1_contigs__length_6169",441730.296807253,1
"2","Scaffold_1790__1_contigs__length_4350",477018.772442589,1
"2","Scaffold_1903__1_contigs__length_4189",931025.5,-1
"2","Scaffold_8039__1_contigs__length_1238",1418626,-1
"2","Scaffold_8402__1_contigs__length_1192",1420135.5,1
"2","Scaffold_556__1_contigs__length_8058",1431530.5,-1
"2","Scaffold_4661__1_contigs__length_2046",1690641.5,1
"2","Scaffold_6566__1_contigs__length_1483",1722567.5,1
"2","Scaffold_2279__1_contigs__length_3709",1725205.16666667,-1
"2","Scaffold_6338__1_contigs__length_1527",1793350,-1
"2","Scaffold_2367__1_contigs__length_3603",1817926,1
"2","Scaffold_923__1_contigs__length_6338",1821567.5,-1
"2","Scaffold_9711__1_contigs__length_1066",1972469.5,1
"2","Scaffold_5887__1_contigs__length_1632",2058619.5,-1
"2","Scaffold_6162__1_contigs__length_1566",2516262,1
"2","Scaffold_1772__1_contigs__length_4374",2857146,1
"2","Scaffold_6305__1_contigs__length_1533",2859707,1
"2","Scaffold_3264__1_contigs__length_2901",2862445,1
"2","Scaffold_5624__1_contigs__length_1695",2862555.06444605,-1
"2","Scaffold_2107__1_contigs__length_3901",3118915,-1
"2","Scaffold_524__1_contigs__length_8240",3126334,-1
"2","Scaffold_530__1_contigs__length_8209",3131357,-1
"2","Scaffold_3782__1_contigs__length_2540",3135004,1
"2","Scaffold_9335__1_contigs__length_1101",3139441.5,-1
"2","Scaffold_3968__1_contigs__length_2417",3142545,1
"2","Scaffold_1538__1_contigs__length_4851",3189420,-1
"2","Scaffold_774__1_contigs__length_6971",3219207.81285691,-1
"2","Scaffold_9963__1_contigs__length_1042",3575310.5,-1
"2","Scaffold_3545__1_contigs__length_2700",3577449.5,-1
"2","Scaffold_8895__1_contigs__length_1141",3807116,-1
"2","Scaffold_985__1_contigs__length_6166",3900827,-1
"2","Scaffold_941__1_contigs__length_6277",3904308.5,1
"2","Scaffold_5853__1_contigs__length_1638",4207454,1
"2","Scaffold_1070__1_contigs__length_5958",8016105,1
"2","Scaffold_5041__1_contigs__length_1887",8020166,1
"2","Scaffold_9474__1_contigs__length_1089",8026065,-1
"2","Scaffold_9341__1_contigs__length_1101",8045658.5,-1
"2","Scaffold_282__1_contigs__length_12060",16392643.4472383,1
"2","Scaffold_7150__1_contigs__length_1370",16442344.5,1
"2","Scaffold_816__1_contigs__length_6699",17850355.5,1
"2","Scaffold_1148__1_contigs__length_5738",17996355,-1
"2","Scaffold_141__1_contigs__length_18722",18539570.5,-1
"2","Scaffold_140__1_contigs__length_18725",18550082,-1
"2","Scaffold_8423__1_contigs__length_1189",29008491,1
"2","Scaffold_2773__1_contigs__length_3241",30477752,-1
"2","Scaffold_5393__1_contigs__length_1765",31966269.5,1
"2","Scaffold_489__1_contigs__length_8553",31971370.4482971,1
"2","Scaffold_831__1_contigs__length_6605",33562272,-1
"2","Scaffold_1965__1_contigs__length_4077",33621244.5,1
"2","Scaffold_1060__1_contigs__length_5975",43040957.5,1
"2","Scaffold_1044__1_contigs__length_5998",50693601.5,1
"2","Scaffold_6825__1_contigs__length_1432",50853405.5,1
"2","Scaffold_895__1_contigs__length_6425",53747007.5,1
"2","Scaffold_196__1_contigs__length_14860",68307066,1
"2","Scaffold_2289__1_contigs__length_3702",68989660.5,1
"2","Scaffold_291__1_contigs__length_11795",73610417,-1
"2","Scaffold_135__1_contigs__length_19058",73894911.6347454,1
"2","Scaffold_1__1_contigs__length_151072562",75358923.7900743,1
"2","Scaffold_952__1_contigs__length_6236",78892203.5,1
"2","Scaffold_2508__1_contigs__length_3471",81277711.5,-1
"2","Scaffold_256__1_contigs__length_12972",81285083,-1
"2","Scaffold_2510__1_contigs__length_3470",81293355.5,-1
"2","Scaffold_305__1_contigs__length_11222",84236833.5,-1
"2","Scaffold_1001__1_contigs__length_6120",98161984,-1
"2","Scaffold_1201__1_contigs__length_5626",98470562.5,1
"2","Scaffold_494__1_contigs__length_8530",105129295.5,1
"2","Scaffold_3834__1_contigs__length_2509",108398933,-1
"2","Scaffold_1923__1_contigs__length_4157",112095369,-1
"2","Scaffold_1361__1_contigs__length_5234",112099965.5,-1
"2","Scaffold_971__1_contigs__length_6201",116551518.5,-1
"2","Scaffold_594__1_contigs__length_7824",120670278,1
"2","Scaffold_4302__1_contigs__length_2211",122244583.677518,1
"2","Scaffold_4177__1_contigs__length_2279",122919052.5,1
"2","Scaffold_4558__1_contigs__length_2089",123869392,-1
"2","Scaffold_2260__1_contigs__length_3725",125550802.5,1
"2","Scaffold_2973__1_contigs__length_3094",128330474.5,-1
"2","Scaffold_3211__1_contigs__length_2946",128334368.5,-1
"2","Scaffold_4500__1_contigs__length_2118",149755199,1
"2","Scaffold_7122__1_contigs__length_1376",149755678,-1
"2","Scaffold_3553__1_contigs__length_2692",149845223.5,1
"2","Scaffold_8990__1_contigs__length_1131",149876370,-1
"2","Scaffold_4821__1_contigs__length_1980",150274404.5,-1
"2","Scaffold_5303__1_contigs__length_1795",150314446.275086,1
"2","Scaffold_5658__1_contigs__length_1687",150336580,1
"2","Scaffold_1579__1_contigs__length_4764",150380224.707644,1
"2","Scaffold_4314__1_contigs__length_2206",150705501,-1
"2","Scaffold_4539__1_contigs__length_2100",150718025.5,1
"2","Scaffold_2085__1_contigs__length_3925",151024638,-1
"2","Scaffold_7941__1_contigs__length_1252",151172159,1
"2","Scaffold_1123__1_contigs__length_5799",151201816.726753,-1
"2","Scaffold_1775__1_contigs__length_4369",151227800.094998,1
"2","Scaffold_4943__1_contigs__length_1927",151230501,1
"2","Scaffold_1875__1_contigs__length_4224",151234016,-1
"2","Scaffold_5378__1_contigs__length_1769",151237769,-1
"2","Scaffold_1845__1_contigs__length_4274",151242176.5,-1
"2","Scaffold_3379__1_contigs__length_2818",151243977.5,-1
"2","Scaffold_2073__1_contigs__length_3940",151255491,-1
"2","Scaffold_48__1_contigs__length_49440",151266658.066447,-1
"2","Scaffold_47__1_contigs__length_49459",151282842.210685,-1
"2","Scaffold_1046__1_contigs__length_5994",151305902.458713,1
"2","Scaffold_5122__1_contigs__length_1857",151349572.5,-1
"2","Scaffold_3766__1_contigs__length_2555",151351863.5,-1
"2","Scaffold_6484__1_contigs__length_1495",151351863.5,-1
"20","Scaffold_1771__1_contigs__length_4376",1432388,1
"20","Scaffold_722__1_contigs__length_7296",1573576.5,1
"20","Scaffold_767__1_contigs__length_7026",2321702.32857143,1
"20","Scaffold_2814__1_contigs__length_3206",2347133.5,-1
"20","Scaffold_791__1_contigs__length_6854",4332095,1
"20","Scaffold_25__1_contigs__length_14943599",7512119.63488075,1
"20","Scaffold_5075__1_contigs__length_1875",12537411.5,-1
"20","Scaffold_1384__1_contigs__length_5171",13330658.183499,-1
"21","Scaffold_2888__1_contigs__length_3150",1222423,1
"21","Scaffold_2112__1_contigs__length_3896",1591977.5,1
"21","Scaffold_9441__1_contigs__length_1091",1597549.5,-1
"21","Scaffold_2401__1_contigs__length_3567",1867088.5,-1
"21","Scaffold_1275__1_contigs__length_5479",1942743.5,-1
"21","Scaffold_9188__1_contigs__length_1114",3541306,-1
"21","Scaffold_30__1_contigs__length_7941326",3942918.74523299,1
"21","Scaffold_2945__1_contigs__length_3112",4313382.5,1
"21","Scaffold_493__1_contigs__length_8540",4317596.89782886,1
"21","Scaffold_1995__1_contigs__length_4040",4368451.2316726,1
"21","Scaffold_3224__1_contigs__length_2935",4373645.5,-1
"21","Scaffold_2821__1_contigs__length_3203",4484097,1
"21","Scaffold_2636__1_contigs__length_3355",4876219,-1
"21","Scaffold_6541__1_contigs__length_1486",5533127.5,1
"21","Scaffold_2559__1_contigs__length_3430",5909909.82098765,-1
"21","Scaffold_2390__1_contigs__length_3581",5953681.5,1
"21","Scaffold_2978__1_contigs__length_3091",6253489,-1
"21","Scaffold_118__1_contigs__length_21467",6714244,-1
"21","Scaffold_119__1_contigs__length_21452",6723784,-1
"21","Scaffold_3415__1_contigs__length_2795",7013280,-1
"21","Scaffold_2165__1_contigs__length_3834",7727962.5,-1
"22","Scaffold_3548__1_contigs__length_2697",17115.5,1
"22","Scaffold_3928__1_contigs__length_2444",577746.5,1
"22","Scaffold_293__1_contigs__length_11666",891237.738599524,-1
"22","Scaffold_3425__1_contigs__length_2788",908969,-1
"22","Scaffold_3863__1_contigs__length_2493",920331.300104384,-1
"22","Scaffold_2782__1_contigs__length_3235",924929.867329047,1
"22","Scaffold_2492__1_contigs__length_3487",1044283,-1
"22","Scaffold_3619__1_contigs__length_2651",1048045.5,-1
"22","Scaffold_6539__1_contigs__length_1487",1097480,-1
"22","Scaffold_5077__1_contigs__length_1874",1977706.5,-1
"22","Scaffold_3991__1_contigs__length_2403",2130286.5,1
"22","Scaffold_3923__1_contigs__length_2445",2158671.5,-1
"22","Scaffold_3212__1_contigs__length_2946",2161301.5,-1
"22","Scaffold_10__1_contigs__length_4747999",2164823.70676426,-1
"22","Scaffold_2897__1_contigs__length_3143",2396923,-1
"22","Scaffold_1337__1_contigs__length_5312",2402789.92249047,1
"22","Scaffold_681__1_contigs__length_7505",3081832.5,-1
"22","Scaffold_9097__1_contigs__length_1122",3331866.5,1
"22","Scaffold_2161__1_contigs__length_3847",3332895.5,1
"22","Scaffold_3514__1_contigs__length_2717",3494108.5,1
"22","Scaffold_1797__1_contigs__length_4338",3505554.01185888,-1
"22","Scaffold_7094__1_contigs__length_1381",3804664.5,-1
"22","Scaffold_3417__1_contigs__length_2794",4342277,-1
"22","Scaffold_7197__1_contigs__length_1363",4344395,1
"22","Scaffold_6811__1_contigs__length_1435",4346112.56760563,-1
"22","Scaffold_691__1_contigs__length_7452",4357714.6061294,1
"23","Scaffold_1398__1_contigs__length_5150",1823897,-1
"23","Scaffold_15__1_contigs__length_6553978",3072563.2129477,-1
"23","Scaffold_1534__1_contigs__length_4872",4599194.75479063,-1
"23","Scaffold_7456__1_contigs__length_1324",4693442,-1
"23","Scaffold_2335__1_contigs__length_3658",4782233.5,1
"23","Scaffold_2150__1_contigs__length_3859",4810300.56355456,1
"23","Scaffold_4068__1_contigs__length_2355",4891616.5,-1
"23","Scaffold_1597__1_contigs__length_4722",4919050.66245211,-1
"23","Scaffold_3019__1_contigs__length_3068",5083767,-1
"23","Scaffold_5011__1_contigs__length_1898",5237329,-1
"23","Scaffold_4446__1_contigs__length_2148",5405111.5,1
"23","Scaffold_1460__1_contigs__length_5046",5410770,1
"23","Scaffold_9675__1_contigs__length_1069",5420491.5,-1
"23","Scaffold_2336__1_contigs__length_3658",5514649,1
"23","Scaffold_2915__1_contigs__length_3132",5666025.67903293,1
"23","Scaffold_2576__1_contigs__length_3413",5672213,1
"23","Scaffold_4265__1_contigs__length_2232",5688679.5,1
"23","Scaffold_707__1_contigs__length_7375",5706627.5,1
"23","Scaffold_2662__1_contigs__length_3330",5974097,-1
"24","Scaffold_1484__1_contigs__length_4995",94149.5,-1
"24","Scaffold_3827__1_contigs__length_2514",118308,1
"24","Scaffold_6074__1_contigs__length_1587",149121.5,-1
"24","Scaffold_3848__1_contigs__length_2502",221980.5,-1
"24","Scaffold_2610__1_contigs__length_3378",226863,-1
"24","Scaffold_1528__1_contigs__length_4888",262624,-1
"24","Scaffold_690__1_contigs__length_7463",263557.5,1
"24","Scaffold_1642__1_contigs__length_4606",307839,-1
"24","Scaffold_8068__1_contigs__length_1232",319722,-1
"24","Scaffold_2221__1_contigs__length_3763",507617.5,1
"24","Scaffold_487__1_contigs__length_8560",835285,1
"24","Scaffold_1089__1_contigs__length_5912",1585834.5,1
"24","Scaffold_1085__1_contigs__length_5923",1588292,1
"24","Scaffold_7052__1_contigs__length_1389",3761245,-1
"24","Scaffold_8382__1_contigs__length_1194",3762222.5,1
"24","Scaffold_5757__1_contigs__length_1665",3767095.5,1
"24","Scaffold_4577__1_contigs__length_2084",3768654.5,-1
"24","Scaffold_4203__1_contigs__length_2270",3772466.5,-1
"24","Scaffold_31__1_contigs__length_7482407",3814169.34911184,1
"24","Scaffold_6389__1_contigs__length_1516",3826640,1
"24","Scaffold_10025__1_contigs__length_1036",3870345,1
"24","Scaffold_2539__1_contigs__length_3442",3940848.5,-1
"24","Scaffold_2840__1_contigs__length_3189",4010553.5,-1
"24","Scaffold_4345__1_contigs__length_2192",4438268.5,-1
"24","Scaffold_5820__1_contigs__length_1646",5406986,1
"25","Scaffold_6710__1_contigs__length_1456",669460,1
"25","Scaffold_13__1_contigs__length_2412999",1174607.71659758,1
"25","Scaffold_3845__1_contigs__length_2504",1415581,1
"25","Scaffold_4301__1_contigs__length_2212",1423607,-1
"25","Scaffold_4578__1_contigs__length_2083",1432463.5,1
"25","Scaffold_4305__1_contigs__length_2210",1465529.5,-1
"25","Scaffold_2446__1_contigs__length_3533",1474217,-1
"25","Scaffold_667__1_contigs__length_7578",1481905.07678807,-1
"25","Scaffold_8467__1_contigs__length_1184",1507379.5,-1
"25","Scaffold_242__1_contigs__length_13525",1519438.68179564,-1
"25","Scaffold_1653__1_contigs__length_4580",1531262.25986224,1
"25","Scaffold_5679__1_contigs__length_1682",1533046.5,1
"25","Scaffold_10287__1_contigs__length_1015",1553263.5,1
"25","Scaffold_1716__1_contigs__length_4451",1567059.34305924,-1
"25","Scaffold_8305__1_contigs__length_1201",1572694,1
"25","Scaffold_1488__1_contigs__length_4989",1593211.23180593,-1
"25","Scaffold_8385__1_contigs__length_1194",1605511,-1
"25","Scaffold_6607__1_contigs__length_1476",1607327,1
"25","Scaffold_7605__1_contigs__length_1300",1610959,1
"25","Scaffold_4170__1_contigs__length_2281",1612409,-1
"25","Scaffold_1332__1_contigs__length_5322",1617801.44772218,-1
"25","Scaffold_794__1_contigs__length_6792",1621650.85473361,-1
"25","Scaffold_2431__1_contigs__length_3541",1629942.5,1
"25","Scaffold_3922__1_contigs__length_2446",1699683,-1
"25","Scaffold_8229__1_contigs__length_1209",1701925,-1
"25","Scaffold_4482__1_contigs__length_2126",1703380.5,1
"25","Scaffold_2296__1_contigs__length_3694",1714706.61006289,-1
"25","Scaffold_4354__1_contigs__length_2189",1812757,1
"25","Scaffold_3651__1_contigs__length_2635",2058317.5,1
"25","Scaffold_2654__1_contigs__length_3336",2062809.52131783,1
"25","Scaffold_1050__1_contigs__length_5990",2103045.71998079,-1
"25","Scaffold_4650__1_contigs__length_2048",2115722.57334612,-1
"25","Scaffold_7712__1_contigs__length_1284",2125568.5,1
"25","Scaffold_4084__1_contigs__length_2344",2237771,-1
"25","Scaffold_2726__1_contigs__length_3267",2379895,-1
"25","Scaffold_352__1_contigs__length_10084",2391304.05970149,-1
"25","Scaffold_5001__1_contigs__length_1902",2403176.5,1
"25","Scaffold_4809__1_contigs__length_1984",2406243,-1
"25","Scaffold_2308__1_contigs__length_3686",2485954.5,-1
"25","Scaffold_2006__1_contigs__length_4022",2582071.7516148,1
"25","Scaffold_6986__1_contigs__length_1402",2691594,-1
"25","Scaffold_1692__1_contigs__length_4503",2696076,1
"25","Scaffold_5356__1_contigs__length_1777",2710889.5,1
"25","Scaffold_299__1_contigs__length_11422",2762333.14890926,1
"25","Scaffold_8195__1_contigs__length_1214",2791002.5,1
"25","Scaffold_2375__1_contigs__length_3595",2799458.5,-1
"25","Scaffold_7980__1_contigs__length_1248",2802200,1
"25","Scaffold_52__1_contigs__length_41914",2824430.49101342,1
"25","Scaffold_4510__1_contigs__length_2114",2837681.5,-1
"26","Scaffold_2912__1_contigs__length_3134",273327.5,1
"26","Scaffold_4307__1_contigs__length_2209",452344,1
"26","Scaffold_8828__1_contigs__length_1146",533636.5,1
"26","Scaffold_9111__1_contigs__length_1121",566280,1
"26","Scaffold_1588__1_contigs__length_4744",779424.5,1
"26","Scaffold_3362__1_contigs__length_2829",781405,1
"26","Scaffold_4121__1_contigs__length_2310",849907,1
"26","Scaffold_2352__1_contigs__length_3626",867423.5,1
"26","Scaffold_5956__1_contigs__length_1616",880473,-1
"26","Scaffold_10480__1_contigs__length_4999",2242769.06760952,1
"26","Scaffold_6589__1_contigs__length_1479",2708589,1
"26","Scaffold_9__1_contigs__length_6533178",3550228.34627664,1
"26","Scaffold_3876__1_contigs__length_2485",3679268.5,1
"26","Scaffold_4146__1_contigs__length_2296",3834273,-1
"26","Scaffold_2875__1_contigs__length_3160",3995955.5,-1
"26","Scaffold_3335__1_contigs__length_2845",4418900.5,-1
"26","Scaffold_2019__1_contigs__length_4003",4424506.5,-1
"26","Scaffold_1309__1_contigs__length_5403",4769783.5,1
"26","Scaffold_3520__1_contigs__length_2714",5170652.5,1
"26","Scaffold_3816__1_contigs__length_2521",5173220.5,-1
"26","Scaffold_8416__1_contigs__length_1190",6169597,-1
"27","Scaffold_5034__1_contigs__length_1889",551391,1
"27","Scaffold_10482__1_contigs__length_4999",646528,-1
"27","Scaffold_9691__1_contigs__length_1068",885186,-1
"27","Scaffold_9169__1_contigs__length_1116",939795.5,1
"27","Scaffold_8081__1_contigs__length_1230",970316,-1
"27","Scaffold_4228__1_contigs__length_2253",1033118,1
"27","Scaffold_2578__1_contigs__length_3410",1034986.5,-1
"27","Scaffold_2544__1_contigs__length_3439",1043023,-1
"27","Scaffold_6611__1_contigs__length_1475",1045136.5,-1
"27","Scaffold_3116__1_contigs__length_3014",1055499.5,-1
"27","Scaffold_2278__1_contigs__length_3709",1060658.15163148,1
"27","Scaffold_4725__1_contigs__length_2020",1080335.5,-1
"27","Scaffold_5784__1_contigs__length_1656",1142710.5,-1
"27","Scaffold_3065__1_contigs__length_3046",1146212.2464455,-1
"27","Scaffold_4854__1_contigs__length_1967",1232794,-1
"27","Scaffold_1486__1_contigs__length_4994",1245560.62716477,1
"27","Scaffold_6722__1_contigs__length_1453",1284193.5,1
"27","Scaffold_3201__1_contigs__length_2953",1287194,1
"27","Scaffold_2313__1_contigs__length_3674",1297413,-1
"27","Scaffold_851__1_contigs__length_6562",1302185,-1
"27","Scaffold_3031__1_contigs__length_3062",1309622,-1
"27","Scaffold_889__1_contigs__length_6441",1320637.81433433,1
"27","Scaffold_9697__1_contigs__length_1068",1325179,1
"27","Scaffold_4182__1_contigs__length_2276",1349042.5,1
"27","Scaffold_555__1_contigs__length_8060",1358794.34119868,1
"27","Scaffold_4541__1_contigs__length_2099",1367218.5,-1
"27","Scaffold_469__1_contigs__length_8702",1376583.98818526,1
"27","Scaffold_2828__1_contigs__length_3196",1447586.5,1
"27","Scaffold_799__1_contigs__length_6765",1454549.75534759,-1
"27","Scaffold_2845__1_contigs__length_3187",1470553,-1
"27","Scaffold_1175__1_contigs__length_5680",1482231.39351852,1
"27","Scaffold_394__1_contigs__length_9455",1502635.28740788,1
"27","Scaffold_4746__1_contigs__length_2011",1506634,1
"27","Scaffold_199__1_contigs__length_14734",1516041.78224414,1
"27","Scaffold_740__1_contigs__length_7164",1517660.56297807,1
"27","Scaffold_1091__1_contigs__length_5898",1533340.36185642,-1
"27","Scaffold_7928__1_contigs__length_1253",1605289,1
"27","Scaffold_4287__1_contigs__length_2220",1617516.5,1
"27","Scaffold_1768__1_contigs__length_4378",1621959,1
"27","Scaffold_4848__1_contigs__length_1969",1644319,-1
"27","Scaffold_7867__1_contigs__length_1261",1646148,1
"27","Scaffold_4291__1_contigs__length_2218",2314096.5,-1
"27","Scaffold_365__1_contigs__length_9841",2575346.61556357,-1
"27","Scaffold_4363__1_contigs__length_2185",2643261.5,-1
"27","Scaffold_862__1_contigs__length_6519",2647568.5,-1
"27","Scaffold_11__1_contigs__length_4700999",2656768.7379793,1
"27","Scaffold_9074__1_contigs__length_1124",2916659.5,1
"27","Scaffold_3181__1_contigs__length_2969",2917696.5,-1
"27","Scaffold_3004__1_contigs__length_3073",2920497.5,-1
"27","Scaffold_8159__1_contigs__length_1221",2923610,1
"27","Scaffold_2567__1_contigs__length_3420",2927787.5,-1
"27","Scaffold_6090__1_contigs__length_1582",3048693,-1
"27","Scaffold_896__1_contigs__length_6421",3121209,1
"27","Scaffold_1946__1_contigs__length_4109",3369847,1
"27","Scaffold_1871__1_contigs__length_4229",4250626,1
"27","Scaffold_1024__1_contigs__length_6041",5132874,-1
"27","Scaffold_2711__1_contigs__length_3290",5148263.5,-1
"28","Scaffold_1786__1_contigs__length_4352",47727.4595959596,-1
"28","Scaffold_9799__1_contigs__length_1058",53987.5,-1
"28","Scaffold_4793__1_contigs__length_1988",55755,1
"28","Scaffold_1257__1_contigs__length_5503",69688,-1
"28","Scaffold_7008__1_contigs__length_1398",73099,-1
"28","Scaffold_427__1_contigs__length_9012",86164,-1
"28","Scaffold_4887__1_contigs__length_1955",650121,-1
"28","Scaffold_9640__1_contigs__length_1072",792664.5,1
"28","Scaffold_6865__1_contigs__length_1424",952027.5,-1
"28","Scaffold_809__1_contigs__length_6719",958438.5,-1
"28","Scaffold_4501__1_contigs__length_2118",967060,1
"28","Scaffold_5633__1_contigs__length_1693",2098677,1
"28","Scaffold_10485__1_contigs__length_4999",2321280.69879077,1
"28","Scaffold_2706__1_contigs__length_3295",2887639.5,1
"28","Scaffold_14__1_contigs__length_5954999",2959547.08698319,1
"28","Scaffold_10473__1_contigs__length_893",3449984,-1
"28","Scaffold_6332__1_contigs__length_1528",3515345.5,1
"28","Scaffold_2281__1_contigs__length_3707",3698669.5,-1
"28","Scaffold_1556__1_contigs__length_4821",3727487.97759218,-1
"28","Scaffold_6341__1_contigs__length_1526",3982573.5,-1
"28","Scaffold_2363__1_contigs__length_3606",4128354.5,-1
"28","Scaffold_5823__1_contigs__length_1645",4196115.5,-1
"28","Scaffold_6525__1_contigs__length_1489",4197335.5,-1
"28","Scaffold_3210__1_contigs__length_2946",4199152.5,-1
"28","Scaffold_610__1_contigs__length_7764",4591968.5,1
"28","Scaffold_4975__1_contigs__length_1911",4597058.5,1
"28","Scaffold_70__1_contigs__length_33197",4621105.18537015,1
"28","Scaffold_371__1_contigs__length_9770",5510557.5,-1
"28","Scaffold_1669__1_contigs__length_4548",5510912.5,-1
"28","Scaffold_5560__1_contigs__length_1715",5648743,1
"28","Scaffold_2893__1_contigs__length_3146",5649481.5,1
"28","Scaffold_4313__1_contigs__length_2207",5738999,-1
"28.1","Scaffold_8568__1_contigs__length_1173",359490.5,-1
"28.1","Scaffold_4043__1_contigs__length_2367",830546.5,-1
"28.1","Scaffold_1977__1_contigs__length_4064",916581.5,1
"28.1","Scaffold_626__1_contigs__length_7668",1681263.5,1
"28.1","Scaffold_3274__1_contigs__length_2893",1998339,1
"28.1","Scaffold_8206__1_contigs__length_1213",5710854,1
"28.1","Scaffold_2201__1_contigs__length_3800",6445693,-1
"28.1","Scaffold_183__1_contigs__length_15770",16363162.8443599,-1
"28.1","Scaffold_56__1_contigs__length_36313",16389692.6553651,-1
"28.1","Scaffold_584__1_contigs__length_7864",16790839,1
"28.1","Scaffold_68__1_contigs__length_33307",16818080.4862043,1
"28.1","Scaffold_3956__1_contigs__length_2427",17517515.5,-1
"28.1","Scaffold_777__1_contigs__length_6953",17660139.5,-1
"28.1","Scaffold_2843__1_contigs__length_3188",18049051,1
"28.1","Scaffold_8677__1_contigs__length_1162",23081023.5,1
"28.1","Scaffold_3088__1_contigs__length_3035",26302194,-1
"28.1","Scaffold_2063__1_contigs__length_3948",26758475,-1
"28.1","Scaffold_497__1_contigs__length_8499",27189212.0524272,-1
"28.1","Scaffold_3328__1_contigs__length_2845",27471427,1
"28.1","Scaffold_1896__1_contigs__length_4202",27978605.5,1
"28.1","Scaffold_8893__1_contigs__length_1141",28018514,1
"28.1","Scaffold_6511__1_contigs__length_1491",28018880,-1
"28.1","Scaffold_3166__1_contigs__length_2992",30786488.5,1
"28.1","Scaffold_1057__1_contigs__length_5979",32054259,1
"28.1","Scaffold_4272__1_contigs__length_2228",33955020.5,-1
"28.1","Scaffold_1873__1_contigs__length_4227",35685191.5,1
"28.1","Scaffold_9582__1_contigs__length_1078",36249448.5,-1
"28.1","Scaffold_4__1_contigs__length_75720081",38837147.6118965,-1
"28.1","Scaffold_993__1_contigs__length_6148",42081329,1
"28.1","Scaffold_195__1_contigs__length_14930",42259890.9649907,1
"28.1","Scaffold_4682__1_contigs__length_2034",42260816.5,1
"28.1","Scaffold_2808__1_contigs__length_3211",42280753,-1
"28.1","Scaffold_429__1_contigs__length_9000",42288646.5,1
"28.1","Scaffold_5728__1_contigs__length_1672",42293382.5,-1
"28.1","Scaffold_2394__1_contigs__length_3578",42327217,-1
"28.1","Scaffold_2408__1_contigs__length_3559",46507530.5,1
"28.1","Scaffold_3157__1_contigs__length_2997",56554579,-1
"28.1","Scaffold_164__1_contigs__length_17008",58173046,-1
"28.1","Scaffold_2110__1_contigs__length_3898",58178836,1
"28.1","Scaffold_3314__1_contigs__length_2863",60090188,1
"28.1","Scaffold_326__1_contigs__length_10646",61373193.5,-1
"28.1","Scaffold_9945__1_contigs__length_1044",64042198,1
"28.1","Scaffold_2360__1_contigs__length_3613",70769875,1
"28.1","Scaffold_3543__1_contigs__length_2701",70777071,1
"28.1","Scaffold_2059__1_contigs__length_3953",70780248,1
"28.1","Scaffold_104__1_contigs__length_22996",71362979,1
"28.1","Scaffold_2103__1_contigs__length_3906",72831396.5,-1
"28.1","Scaffold_1094__1_contigs__length_5872",73964334,1
"28.1","Scaffold_2735__1_contigs__length_3264",73967773,1
"28.1","Scaffold_918__1_contigs__length_6358",73972784.9431865,-1
"28.1","Scaffold_1715__1_contigs__length_4451",74649224.5,-1
"28.1","Scaffold_2078__1_contigs__length_3934",74685698.5,-1
"28.1","Scaffold_3287__1_contigs__length_2886",75132803.5,-1
"28.2","Scaffold_6330__1_contigs__length_1528",3656441,-1
"28.2","Scaffold_1328__1_contigs__length_5332",3795531,1
"28.2","Scaffold_7195__1_contigs__length_1363",4858355.5,1
"28.2","Scaffold_6501__1_contigs__length_1492",5266677,1
"28.2","Scaffold_4488__1_contigs__length_2122",6243889.24234111,1
"28.2","Scaffold_3609__1_contigs__length_2658",7979173.5,-1
"28.2","Scaffold_7539__1_contigs__length_1310",7991796.5,-1
"28.2","Scaffold_5717__1_contigs__length_1675",8010187.5,-1
"28.2","Scaffold_8843__1_contigs__length_1145",8010533,-1
"28.2","Scaffold_4663__1_contigs__length_2045",8016511,1
"28.2","Scaffold_1036__1_contigs__length_6016",8017930,1
"28.2","Scaffold_2434__1_contigs__length_3540",8362414,-1
"28.2","Scaffold_680__1_contigs__length_7506",9266370.11241304,-1
"28.2","Scaffold_714__1_contigs__length_7364",10205704,-1
"28.2","Scaffold_6413__1_contigs__length_1510",10373868.5,-1
"28.2","Scaffold_1594__1_contigs__length_4728",12034232,-1
"28.2","Scaffold_2594__1_contigs__length_3398",12852947.5,1
"28.2","Scaffold_3158__1_contigs__length_2997",14090926.5,-1
"28.2","Scaffold_4995__1_contigs__length_1903",14466499,-1
"28.2","Scaffold_786__1_contigs__length_6882",15059808,1
"28.2","Scaffold_699__1_contigs__length_7403",15203917.5,-1
"28.2","Scaffold_5615__1_contigs__length_1696",15310116.5,1
"28.2","Scaffold_8254__1_contigs__length_1207",15310687.5,1
"28.2","Scaffold_101__1_contigs__length_23831",15630911,1
"28.2","Scaffold_4037__1_contigs__length_2369",15636920,1
"28.2","Scaffold_859__1_contigs__length_6525",15642187,-1
"28.2","Scaffold_2932__1_contigs__length_3121",16395152.5,1
"28.2","Scaffold_1943__1_contigs__length_4115",16402866.5,-1
"28.2","Scaffold_169__1_contigs__length_16524",18808201,-1
"28.2","Scaffold_2632__1_contigs__length_3360",19044510.5,-1
"29","Scaffold_1619__1_contigs__length_4671",80500.2074913751,-1
"29","Scaffold_1640__1_contigs__length_4608",109904.683637946,1
"29","Scaffold_5229__1_contigs__length_1816",175819,-1
"29","Scaffold_1730__1_contigs__length_4433",185122.5,-1
"29","Scaffold_7025__1_contigs__length_1396",243760,-1
"29","Scaffold_5044__1_contigs__length_1886",277762.5,1
"29","Scaffold_5359__1_contigs__length_1776",301088,1
"29","Scaffold_4919__1_contigs__length_1940",302754.5,-1
"29","Scaffold_7599__1_contigs__length_1301",313630.5,-1
"29","Scaffold_4174__1_contigs__length_2280",330315,1
"29","Scaffold_2320__1_contigs__length_3670",340997,1
"29","Scaffold_3092__1_contigs__length_3031",344227,1
"29","Scaffold_2386__1_contigs__length_3586",348336,-1
"29","Scaffold_2682__1_contigs__length_3313",351567.5,1
"29","Scaffold_4296__1_contigs__length_2214",355574.5,1
"29","Scaffold_6353__1_contigs__length_1524",362416,-1
"29","Scaffold_2198__1_contigs__length_3802",418406.5,-1
"29","Scaffold_5864__1_contigs__length_1636",461206,-1
"29","Scaffold_7224__1_contigs__length_1359",467133,-1
"29","Scaffold_4866__1_contigs__length_1963",481780,-1
"29","Scaffold_6246__1_contigs__length_1547",500972.5,1
"29","Scaffold_9729__1_contigs__length_1064",502967.966101695,1
"29","Scaffold_5221__1_contigs__length_1818",509265.5,1
"29","Scaffold_5655__1_contigs__length_1688",542638.5,-1
"29","Scaffold_3469__1_contigs__length_2757",545436,-1
"29","Scaffold_127__1_contigs__length_20109",556956.589945862,-1
"29","Scaffold_1318__1_contigs__length_5345",563350.744067797,1
"29","Scaffold_130__1_contigs__length_19798",570830.901346281,1
"29","Scaffold_2099__1_contigs__length_3910",600339,1
"29","Scaffold_2021__1_contigs__length_4002",611638.624040921,1
"29","Scaffold_3404__1_contigs__length_2804",624973.535971223,-1
"29","Scaffold_10202__1_contigs__length_1022",626452,-1
"29","Scaffold_10100__1_contigs__length_1030",655566,-1
"29","Scaffold_910__1_contigs__length_6384",659446.719538968,1
"29","Scaffold_2928__1_contigs__length_3122",917528.5,-1
"29","Scaffold_1764__1_contigs__length_4382",959123,-1
"29","Scaffold_2718__1_contigs__length_3277",965040.276190476,-1
"29","Scaffold_1405__1_contigs__length_5139",968595.090056285,-1
"29","Scaffold_10049__1_contigs__length_1034",1391823,1
"29","Scaffold_7714__1_contigs__length_1283",1393740,-1
"29","Scaffold_12__1_contigs__length_2025999",1407028.62702363,1
"29","Scaffold_8369__1_contigs__length_1194",1456126,-1
"29","Scaffold_7572__1_contigs__length_1305",1521607.5,-1
"29","Scaffold_10483__1_contigs__length_4999",1544306.5,1
"29","Scaffold_4511__1_contigs__length_2112",1579158,-1
"29","Scaffold_9548__1_contigs__length_1083",1587404.5,-1
"29","Scaffold_9041__1_contigs__length_1127",1590915,1
"29","Scaffold_2812__1_contigs__length_3209",1598203,1
"29","Scaffold_1221__1_contigs__length_5587",1601240,1
"29","Scaffold_4155__1_contigs__length_2291",1621909.5,1
"29","Scaffold_6410__1_contigs__length_1510",1674602.5,-1
"29","Scaffold_2826__1_contigs__length_3198",1715972.5,1
"29","Scaffold_314__1_contigs__length_10985",1734937.91610903,-1
"29","Scaffold_2896__1_contigs__length_3143",1770237.5,-1
"29","Scaffold_5013__1_contigs__length_1898",1788148,-1
"29","Scaffold_3857__1_contigs__length_2498",1804640,-1
"29","Scaffold_1691__1_contigs__length_4504",1811636.5,1
"29","Scaffold_3627__1_contigs__length_2649",1823982.5,-1
"29","Scaffold_9049__1_contigs__length_1126",1849462,1
"29","Scaffold_3075__1_contigs__length_3041",1851148.5,1
"29","Scaffold_7175__1_contigs__length_1366",1876576.5,1
"29","Scaffold_2148__1_contigs__length_3862",1951383,-1
"29","Scaffold_1371__1_contigs__length_5195",1960901.01396648,-1
"29","Scaffold_1372__1_contigs__length_5195",1961711.5,-1
"29","Scaffold_178__1_contigs__length_15908",2032792.3386059,-1
"29","Scaffold_5519__1_contigs__length_1728",2043074.5,-1
"29","Scaffold_3271__1_contigs__length_2898",2082839,1
"29","Scaffold_3659__1_contigs__length_2628",2093131,1
"3","Scaffold_578__1_contigs__length_7882",291078.925980105,-1
"3","Scaffold_4495__1_contigs__length_2120",314229.5,1
"3","Scaffold_433__1_contigs__length_8989",324975.823588206,1
"3","Scaffold_7471__1_contigs__length_1320",329308,1
"3","Scaffold_2881__1_contigs__length_3155",362274.136363636,1
"3","Scaffold_2744__1_contigs__length_3262",382504.284706919,1
"3","Scaffold_4462__1_contigs__length_2136",607755,-1
"3","Scaffold_4791__1_contigs__length_1991",830151.5,-1
"3","Scaffold_3593__1_contigs__length_2668",1100849,1
"3","Scaffold_9027__1_contigs__length_1128",1295681,1
"3","Scaffold_2648__1_contigs__length_3339",1369032,-1
"3","Scaffold_4328__1_contigs__length_2199",1522269,-1
"3","Scaffold_5843__1_contigs__length_1642",1619165,-1
"3","Scaffold_7452__1_contigs__length_1324",4437025,1
"3","Scaffold_6214__1_contigs__length_1555",6042684.5,1
"3","Scaffold_1530__1_contigs__length_4880",10948506,1
"3","Scaffold_1738__1_contigs__length_4422",23300445.5,-1
"3","Scaffold_733__1_contigs__length_7245",27777751.988152,-1
"3","Scaffold_829__1_contigs__length_6616",29213344.2982907,1
"3","Scaffold_2253__1_contigs__length_3732",37579910,-1
"3","Scaffold_1874__1_contigs__length_4225",37584426.5,-1
"3","Scaffold_1186__1_contigs__length_5658",39916422.5,-1
"3","Scaffold_413__1_contigs__length_9150",40310573,-1
"3","Scaffold_3241__1_contigs__length_2915",44034459.9751341,-1
"3","Scaffold_3107__1_contigs__length_3020",46840321,1
"3","Scaffold_9564__1_contigs__length_1081",51998274,1
"3","Scaffold_373__1_contigs__length_9767",52095050,1
"3","Scaffold_4450__1_contigs__length_2141",52102844.5,1
"3","Scaffold_131__1_contigs__length_19738",54841928.3399512,1
"3","Scaffold_3__1_contigs__length_112408489",56943995.1074878,1
"3","Scaffold_916__1_contigs__length_6363",59280270,-1
"3","Scaffold_278__1_contigs__length_12124",62539300.6353119,1
"3","Scaffold_773__1_contigs__length_6975",63195671,-1
"3","Scaffold_1179__1_contigs__length_5668",66636811,-1
"3","Scaffold_4300__1_contigs__length_2212",66852960.5,-1
"3","Scaffold_1866__1_contigs__length_4239",69618488,1
"3","Scaffold_3779__1_contigs__length_2542",72264335.5,-1
"3","Scaffold_188__1_contigs__length_15420",76573636,-1
"3","Scaffold_1566__1_contigs__length_4788",83851424.5,-1
"3","Scaffold_5464__1_contigs__length_1743",84435250.5,-1
"3","Scaffold_2058__1_contigs__length_3953",84577417.5,1
"3","Scaffold_8365__1_contigs__length_1195",86992083,-1
"3","Scaffold_8695__1_contigs__length_1160",89455487,1
"3","Scaffold_308__1_contigs__length_11175",89461721,-1
"3","Scaffold_3143__1_contigs__length_3002",89469934.5,1
"3","Scaffold_639__1_contigs__length_7632",89472303.9366966,-1
"3","Scaffold_534__1_contigs__length_8198",89475623,-1
"3","Scaffold_1451__1_contigs__length_5063",89480110,-1
"3","Scaffold_318__1_contigs__length_10900",89487363.5,1
"3","Scaffold_1840__1_contigs__length_4281",89754593,1
"3","Scaffold_770__1_contigs__length_7008",97142438,1
"3","Scaffold_4385__1_contigs__length_2174",110214928.434759,1
"30","Scaffold_2599__1_contigs__length_3393",6402,-1
"30","Scaffold_5154__1_contigs__length_1845",163108,-1
"30","Scaffold_9470__1_contigs__length_1089",189271.5,1
"30","Scaffold_5708__1_contigs__length_1677",202937,-1
"30","Scaffold_103__1_contigs__length_23461",250790.535368957,1
"30","Scaffold_4479__1_contigs__length_2127",260836.5,1
"30","Scaffold_222__1_contigs__length_13913",267139.738152888,1
"30","Scaffold_1966__1_contigs__length_4076",268525,1
"30","Scaffold_3392__1_contigs__length_2813",274484.5,-1
"30","Scaffold_2410__1_contigs__length_3557",284440,1
"30","Scaffold_4832__1_contigs__length_1975",289314,1
"30","Scaffold_3692__1_contigs__length_2606",330517,-1
"30","Scaffold_2341__1_contigs__length_3644",412614,1
"30","Scaffold_2538__1_contigs__length_3442",417194.176202532,1
"30","Scaffold_211__1_contigs__length_14272",441052.508148483,1
"30","Scaffold_4825__1_contigs__length_1980",458368,-1
"30","Scaffold_519__1_contigs__length_8330",465014.664612912,-1
"30","Scaffold_1455__1_contigs__length_5056",575188.854961832,1
"30","Scaffold_6095__1_contigs__length_1580",749474,1
"30","Scaffold_1051__1_contigs__length_5989",922873.217039322,1
"30","Scaffold_2445__1_contigs__length_3533",1045641.23675497,-1
"30","Scaffold_2552__1_contigs__length_3434",1110332,-1
"30","Scaffold_5452__1_contigs__length_1748",1120656,-1
"30","Scaffold_6600__1_contigs__length_1477",1123978,1
"30","Scaffold_3868__1_contigs__length_2487",1135181.5,1
"30","Scaffold_2027__1_contigs__length_3994",1143347.02135231,-1
"30","Scaffold_4485__1_contigs__length_2124",1147687,-1
"30","Scaffold_2719__1_contigs__length_3276",1159105.5,-1
"30","Scaffold_7995__1_contigs__length_1245",1167233,1
"30","Scaffold_2775__1_contigs__length_3240",1558717.5,-1
"30","Scaffold_9868__1_contigs__length_1053",1621691,-1
"30","Scaffold_3076__1_contigs__length_3041",1778748,-1
"30","Scaffold_4961__1_contigs__length_1919",1782968.5,-1
"30","Scaffold_3899__1_contigs__length_2464",1793019.5,-1
"30","Scaffold_1834__1_contigs__length_4287",2213188,1
"31","Scaffold_3606__1_contigs__length_2659",4012.5,1
"31","Scaffold_5125__1_contigs__length_1856",10913.5,1
"31","Scaffold_243__1_contigs__length_13432",33228.6209414025,1
"31","Scaffold_7161__1_contigs__length_1368",44879,1
"31","Scaffold_10076__1_contigs__length_1032",66916,-1
"31","Scaffold_4095__1_contigs__length_2333",71280,-1
"31","Scaffold_9196__1_contigs__length_1113",99220,1
"31","Scaffold_9325__1_contigs__length_1102",100356,-1
"31","Scaffold_443__1_contigs__length_8908",120440.196476684,1
"31","Scaffold_2804__1_contigs__length_3219",131851.5,-1
"31","Scaffold_2902__1_contigs__length_3139",136046.5,1
"31","Scaffold_2752__1_contigs__length_3256",140063.061702128,-1
"31","Scaffold_8377__1_contigs__length_1194",142013.5,1
"31","Scaffold_5498__1_contigs__length_1734",147977,-1
"31","Scaffold_8623__1_contigs__length_1167",161201,1
"31","Scaffold_7062__1_contigs__length_1387",184003.5,-1
"31","Scaffold_10337__1_contigs__length_1010",199673.5,1
"31","Scaffold_2155__1_contigs__length_3855",204680.820547945,-1
"31","Scaffold_2418__1_contigs__length_3553",210649,1
"31","Scaffold_1737__1_contigs__length_4423",216623,1
"31","Scaffold_10345__1_contigs__length_1009",223644,-1
"31","Scaffold_5174__1_contigs__length_1837",235377.5,1
"31","Scaffold_8734__1_contigs__length_1155",239299,-1
"31","Scaffold_1419__1_contigs__length_5111",246750.675263775,1
"31","Scaffold_4627__1_contigs__length_2061",255480.526650756,1
"31","Scaffold_7325__1_contigs__length_1344",318492,-1
"31","Scaffold_3460__1_contigs__length_2762",320916.412948061,1
"31","Scaffold_6428__1_contigs__length_1506",323603.5,-1
"31","Scaffold_6581__1_contigs__length_1480",364152,-1
"31","Scaffold_9104__1_contigs__length_1121",409916.5,1
"31","Scaffold_3732__1_contigs__length_2576",452223.5,1
"31","Scaffold_4283__1_contigs__length_2222",468772,1
"31","Scaffold_9166__1_contigs__length_1116",551675,1
"31","Scaffold_7022__1_contigs__length_1397",556337.5,1
"31","Scaffold_37__1_contigs__length_122108",580615.525374842,-1
"31","Scaffold_2321__1_contigs__length_3669",610775.446057277,1
"31","Scaffold_761__1_contigs__length_7054",619243.371043376,1
"31","Scaffold_5056__1_contigs__length_1881",624483,-1
"31","Scaffold_7283__1_contigs__length_1350",636195,-1
"31","Scaffold_5367__1_contigs__length_1774",761558,-1
"31","Scaffold_5285__1_contigs__length_1802",784201.5,-1
"31","Scaffold_3309__1_contigs__length_2865",794791,1
"31","Scaffold_6208__1_contigs__length_1555",803048,-1
"31","Scaffold_4400__1_contigs__length_2168",809505.5,-1
"31","Scaffold_2856__1_contigs__length_3176",841915,1
"31","Scaffold_9238__1_contigs__length_1109",843825.5,1
"31","Scaffold_393__1_contigs__length_9460",851507.478208853,1
"31","Scaffold_4244__1_contigs__length_2243",863524,1
"31","Scaffold_627__1_contigs__length_7665",880718.373043478,1
"31","Scaffold_1217__1_contigs__length_5597",899148.644936709,-1
"31","Scaffold_191__1_contigs__length_15259",910533.557544757,-1
"31","Scaffold_2846__1_contigs__length_3186",953761.952987267,-1
"31","Scaffold_2947__1_contigs__length_3107",956720.5,-1
"31","Scaffold_10024__1_contigs__length_1036",964033.5,-1
"31","Scaffold_4123__1_contigs__length_2308",966748,1
"31","Scaffold_942__1_contigs__length_6276",976421,1
"31","Scaffold_4522__1_contigs__length_2109",997134.104225352,1
"31","Scaffold_6637__1_contigs__length_1470",999900,-1
"31","Scaffold_4685__1_contigs__length_2032",1004559,-1
"31","Scaffold_6914__1_contigs__length_1414",1007725.5,1
"31","Scaffold_1529__1_contigs__length_4884",1014196.34917415,-1
"31","Scaffold_3699__1_contigs__length_2597",1041731.13975904,-1
"31","Scaffold_7545__1_contigs__length_1309",1046398,1
"31","Scaffold_6145__1_contigs__length_1570",1062706.5,1
"31","Scaffold_3903__1_contigs__length_2461",1071230.5,-1
"31","Scaffold_3482__1_contigs__length_2747",1411268.5,1
"31","Scaffold_3720__1_contigs__length_2582",1418855.5,1
"31","Scaffold_5949__1_contigs__length_1618",1425381.5,-1
"31","Scaffold_958__1_contigs__length_6224",1433769.06671609,-1
"31","Scaffold_603__1_contigs__length_7788",1448106.40948371,1
"31","Scaffold_882__1_contigs__length_6458",1477778,1
"31","Scaffold_2427__1_contigs__length_3544",1480940,1
"31","Scaffold_2139__1_contigs__length_3870",1486061,1
"31","Scaffold_2259__1_contigs__length_3726",1488859,1
"31","Scaffold_2457__1_contigs__length_3520",1489208,1
"31","Scaffold_290__1_contigs__length_11807",1498857.03865583,1
"31","Scaffold_4184__1_contigs__length_2275",1507747,1
"31","Scaffold_7285__1_contigs__length_1350",1522432,1
"31","Scaffold_2671__1_contigs__length_3323",1571313.5,1
"31","Scaffold_3735__1_contigs__length_2575",1573942.5,1
"31","Scaffold_322__1_contigs__length_10661",1584691.90625,1
"31","Scaffold_3649__1_contigs__length_2636",1590983.2457956,-1
"31","Scaffold_2489__1_contigs__length_3489",1598533,1
"31","Scaffold_6054__1_contigs__length_1590",1674087,-1
"31","Scaffold_9204__1_contigs__length_1112",1675539.5,1
"31","Scaffold_7330__1_contigs__length_1343",1681851,1
"31","Scaffold_7950__1_contigs__length_1251",1707254,-1
"31","Scaffold_2254__1_contigs__length_3730",1710665.05888126,1
"31","Scaffold_717__1_contigs__length_7348",1714549.13871636,-1
"31","Scaffold_1727__1_contigs__length_4439",1731384.27491694,1
"31","Scaffold_7526__1_contigs__length_1312",1748777.5,1
"31","Scaffold_1964__1_contigs__length_4081",1819891,1
"32","Scaffold_686__1_contigs__length_7476",3446.5,-1
"32","Scaffold_234__1_contigs__length_13774",12571.6971733544,1
"32","Scaffold_2688__1_contigs__length_3310",22261,1
"32","Scaffold_8120__1_contigs__length_1225",24177.5,-1
"32","Scaffold_2515__1_contigs__length_3465",28828.2214492754,-1
"32","Scaffold_5159__1_contigs__length_1843",33264,-1
"32","Scaffold_245__1_contigs__length_13318",45304.9618239661,-1
"32","Scaffold_4083__1_contigs__length_2347",56527.5,1
"32","Scaffold_8268__1_contigs__length_1204",65753.5,-1
"32","Scaffold_3558__1_contigs__length_2687",432858,-1
"32","Scaffold_3402__1_contigs__length_2806",467569.5,-1
"32","Scaffold_3707__1_contigs__length_2589",502093.5,1
"32","Scaffold_4377__1_contigs__length_2177",513649.5,1
"32","Scaffold_5450__1_contigs__length_1748",558930.5,1
"32","Scaffold_4953__1_contigs__length_1922",586284,-1
"32","Scaffold_8342__1_contigs__length_1197",664660.5,1
"32","Scaffold_1667__1_contigs__length_4549",687281.481564246,-1
"32","Scaffold_7297__1_contigs__length_1347",702695.5,-1
"32","Scaffold_2349__1_contigs__length_3634",705415.275092937,1
"32","Scaffold_2400__1_contigs__length_3567",718502.801173202,1
"32","Scaffold_8143__1_contigs__length_1223",726569,1
"32","Scaffold_2448__1_contigs__length_3530",752432.904718693,-1
"32","Scaffold_4545__1_contigs__length_2097",802422,1
"32","Scaffold_2290__1_contigs__length_3697",808437,1
"32","Scaffold_2733__1_contigs__length_3266",811253.607184241,1
"32","Scaffold_2377__1_contigs__length_3594",823228.456824513,-1
"32","Scaffold_5007__1_contigs__length_1900",827034,-1
"32","Scaffold_6749__1_contigs__length_1448",837415,-1
"32","Scaffold_3954__1_contigs__length_2428",851373,-1
"32","Scaffold_3234__1_contigs__length_2924",872754.5,-1
"32","Scaffold_1750__1_contigs__length_4406",885536.937262357,1
"32","Scaffold_2858__1_contigs__length_3173",958995.5,1
"32","Scaffold_6518__1_contigs__length_1490",1029843.5,-1
"32","Scaffold_1890__1_contigs__length_4205",1316960.5,-1
"32","Scaffold_10329__1_contigs__length_1011",1612358,-1
"32","Scaffold_783__1_contigs__length_6889",1630773.5,-1
"32","Scaffold_50__1_contigs__length_45604",1680559.6220211,1
"32","Scaffold_2407__1_contigs__length_3559",1792528,-1
"32","Scaffold_1751__1_contigs__length_4405",1794080.5,1
"32","Scaffold_2214__1_contigs__length_3780",1812395.5,-1
"32","Scaffold_2747__1_contigs__length_3259",1918897,-1
"32","Scaffold_8900__1_contigs__length_1140",1919674.5,1
"32","Scaffold_6066__1_contigs__length_1588",1962044,1
"32","Scaffold_4103__1_contigs__length_2325",1967319.5,1
"32","Scaffold_3641__1_contigs__length_2642",1967601.5,1
"33","Scaffold_9855__1_contigs__length_1054",79328.5,1
"33","Scaffold_6429__1_contigs__length_1506",102651.5,1
"33","Scaffold_10224__1_contigs__length_1020",106392.5,1
"33","Scaffold_4384__1_contigs__length_2174",272274,-1
"33","Scaffold_9011__1_contigs__length_1129",351836.5,1
"33","Scaffold_7856__1_contigs__length_1262",369859.5,1
"33","Scaffold_8533__1_contigs__length_1177",380851,-1
"33","Scaffold_7641__1_contigs__length_1295",590718,-1
"33","Scaffold_8356__1_contigs__length_1196",727991.5,1
"33","Scaffold_4157__1_contigs__length_2290",810145.5,1
"33","Scaffold_7811__1_contigs__length_1268",1064180.66176471,1
"34","Scaffold_3772__1_contigs__length_2550",195354.5,-1
"34","Scaffold_1314__1_contigs__length_5361",199316.990367092,-1
"34","Scaffold_1291__1_contigs__length_5455",202267,-1
"34","Scaffold_4706__1_contigs__length_2026",204715.50125439,-1
"34","Scaffold_932__1_contigs__length_6294",228440.131527574,-1
"34","Scaffold_8146__1_contigs__length_1222",239169,1
"34","Scaffold_3097__1_contigs__length_3028",253233,-1
"34","Scaffold_909__1_contigs__length_6384",305749.5,1
"34","Scaffold_5029__1_contigs__length_1891",393559.5,1
"34","Scaffold_3009__1_contigs__length_3071",393885.5,-1
"34","Scaffold_2516__1_contigs__length_3464",493432,-1
"34","Scaffold_10137__1_contigs__length_1027",511577.5,-1
"34","Scaffold_4042__1_contigs__length_2367",722089.5,1
"34","Scaffold_2192__1_contigs__length_3806",876490.792951542,-1
"34","Scaffold_6052__1_contigs__length_1591",880341,1
"34","Scaffold_1285__1_contigs__length_5462",895958.038969202,-1
"34","Scaffold_3762__1_contigs__length_2557",922613,1
"34","Scaffold_9118__1_contigs__length_1120",922640,-1
"34","Scaffold_623__1_contigs__length_7676",944191.868581769,1
"34","Scaffold_2140__1_contigs__length_3870",953431.298102981,1
"34","Scaffold_3951__1_contigs__length_2430",959202.5,-1
"34","Scaffold_853__1_contigs__length_6558",972320,1
"34","Scaffold_9219__1_contigs__length_1111",974957.5,-1
"34","Scaffold_4559__1_contigs__length_2089",986739.5,-1
"34","Scaffold_7013__1_contigs__length_1398",1033888,1
"34","Scaffold_3778__1_contigs__length_2542",1054793.5,1
"34","Scaffold_1958__1_contigs__length_4093",1091046.47867676,-1
"34","Scaffold_3788__1_contigs__length_2539",1169073,1
"34","Scaffold_8663__1_contigs__length_1163",1195449.5,1
"34","Scaffold_7074__1_contigs__length_1385",1237183.5,-1
"34","Scaffold_3773__1_contigs__length_2548",1238422,-1
"34","Scaffold_1681__1_contigs__length_4524",1252294.5,1
"34","Scaffold_155__1_contigs__length_17885",1260368.45880481,-1
"34","Scaffold_2079__1_contigs__length_3933",1277091,-1
"35","Scaffold_6000__1_contigs__length_1603",113516,-1
"35","Scaffold_3621__1_contigs__length_2650",137838.5,1
"35","Scaffold_3635__1_contigs__length_2645",154625.5,-1
"35","Scaffold_5568__1_contigs__length_1713",167277.5,1
"35","Scaffold_8302__1_contigs__length_1201",177085.5,1
"35","Scaffold_4629__1_contigs__length_2060",195369.5,1
"35","Scaffold_5061__1_contigs__length_1879",223999,1
"35","Scaffold_6001__1_contigs__length_1603",268842.5,1
"35","Scaffold_2909__1_contigs__length_3136",306488,1
"35","Scaffold_1987__1_contigs__length_4048",324682,1
"35","Scaffold_1383__1_contigs__length_5172",1212822,-1
"35","Scaffold_1073__1_contigs__length_5948",1228217,1
"35","Scaffold_6568__1_contigs__length_1483",1629112.5,1
"35","Scaffold_8540__1_contigs__length_1176",1668580.5,-1
"35","Scaffold_5082__1_contigs__length_1871",1668902,1
"35","Scaffold_5038__1_contigs__length_1888",1683216.5,1
"35","Scaffold_1555__1_contigs__length_4823",1683636,-1
"35","Scaffold_3312__1_contigs__length_2864",2008666,1
"35","Scaffold_8787__1_contigs__length_1150",2015698.5,1
"35","Scaffold_9315__1_contigs__length_1103",2019281.5,1
"35","Scaffold_2922__1_contigs__length_3128",2021382.73619271,1
"35","Scaffold_1113__1_contigs__length_5830",2201338,1
"35","Scaffold_4311__1_contigs__length_2208",2333506,1
"36","Scaffold_7136__1_contigs__length_1371",415652.5,1
"36","Scaffold_3222__1_contigs__length_2935",702400.5,-1
"36","Scaffold_6929__1_contigs__length_1412",956843,1
"37","Scaffold_5839__1_contigs__length_1642",163984.5,1
"37","Scaffold_7735__1_contigs__length_1280",209209,-1
"37","Scaffold_7598__1_contigs__length_1301",537114,1
"37","Scaffold_6851__1_contigs__length_1427",903898,-1
"37","Scaffold_9123__1_contigs__length_1119",920161.5,1
"37","Scaffold_1812__1_contigs__length_4317",934747.5,-1
"37","Scaffold_9326__1_contigs__length_1102",958454.5,-1
"37","Scaffold_9092__1_contigs__length_1122",974949.5,-1
"37","Scaffold_3078__1_contigs__length_3038",1002151.5,1
"37","Scaffold_8136__1_contigs__length_1223",1008642.5,-1
"37","Scaffold_3724__1_contigs__length_2580",1046547,1
"37","Scaffold_3718__1_contigs__length_2584",1047804,1
"37","Scaffold_8301__1_contigs__length_1201",1082416,1
"37","Scaffold_4945__1_contigs__length_1926",1208288,-1
"37","Scaffold_7183__1_contigs__length_1365",1231093.5,1
"37","Scaffold_4346__1_contigs__length_2192",1364498.5,1
"37","Scaffold_3926__1_contigs__length_2444",1378319,-1
"37","Scaffold_9130__1_contigs__length_1119",1619523,-1
"37","Scaffold_7887__1_contigs__length_1259",1677531.5,-1
"37","Scaffold_5508__1_contigs__length_1730",1683148,-1
"4","Scaffold_3648__1_contigs__length_2637",276647.121693122,1
"4","Scaffold_7080__1_contigs__length_1384",278750.5,1
"4","Scaffold_1421__1_contigs__length_5111",331248.5,-1
"4","Scaffold_3233__1_contigs__length_2927",336762.5,-1
"4","Scaffold_977__1_contigs__length_6188",343921,1
"4","Scaffold_7340__1_contigs__length_1342",349547,-1
"4","Scaffold_3983__1_contigs__length_2408",352036.5,-1
"4","Scaffold_4099__1_contigs__length_2327",361929,-1
"4","Scaffold_4120__1_contigs__length_2311",364876,-1
"4","Scaffold_5632__1_contigs__length_1693",366925,1
"4","Scaffold_346__1_contigs__length_10207",373916.5,-1
"4","Scaffold_2901__1_contigs__length_3140",387890.5,-1
"4","Scaffold_1543__1_contigs__length_4838",414765.5,-1
"4","Scaffold_2940__1_contigs__length_3114",422668.5,1
"4","Scaffold_5172__1_contigs__length_1838",426842.5,-1
"4","Scaffold_2125__1_contigs__length_3886",431909,1
"4","Scaffold_2509__1_contigs__length_3470",449021,1
"4","Scaffold_4583__1_contigs__length_2080",585326,-1
"4","Scaffold_4329__1_contigs__length_2199",985130.5,-1
"4","Scaffold_7527__1_contigs__length_1312",1525161,-1
"4","Scaffold_1770__1_contigs__length_4376",1557832.76165644,-1
"4","Scaffold_1643__1_contigs__length_4602",1652806.61950941,-1
"4","Scaffold_3413__1_contigs__length_2796",2347524.5,1
"4","Scaffold_542__1_contigs__length_8160",5383161,-1
"4","Scaffold_4982__1_contigs__length_1909",5387560.5,-1
"4","Scaffold_1181__1_contigs__length_5664",5445461.98039735,-1
"4","Scaffold_2774__1_contigs__length_3241",5624615.5,1
"4","Scaffold_6771__1_contigs__length_1444",6271718,-1
"4","Scaffold_675__1_contigs__length_7519",7441302.5,-1
"4","Scaffold_369__1_contigs__length_9791",22335729.5,1
"4","Scaffold_1086__1_contigs__length_5922",26814359,-1
"4","Scaffold_9136__1_contigs__length_1118",31545252.5,-1
"4","Scaffold_5__1_contigs__length_71959612",35730761.15029,1
"4","Scaffold_643__1_contigs__length_7606",42290320.5,-1
"4","Scaffold_417__1_contigs__length_9113",42657236.5,1
"4","Scaffold_3446__1_contigs__length_2774",44666415,-1
"4","Scaffold_2344__1_contigs__length_3640",47755910,-1
"4","Scaffold_362__1_contigs__length_9867",52859586.5,1
"4","Scaffold_6115__1_contigs__length_1575",57903378.5,-1
"4","Scaffold_8311__1_contigs__length_1200",59006292.5,-1
"4","Scaffold_325__1_contigs__length_10651",60790061,-1
"4","Scaffold_324__1_contigs__length_10652",60790226.9434044,-1
"4","Scaffold_1788__1_contigs__length_4351",66493551.0722196,1
"4","Scaffold_1870__1_contigs__length_4229",68062026,-1
"4","Scaffold_4481__1_contigs__length_2127",68065536,-1
"4.1","Scaffold_10099__1_contigs__length_1030",23619,1
"4.1","Scaffold_9414__1_contigs__length_1094",247728,-1
"4.1","Scaffold_1759__1_contigs__length_4390",306373,1
"4.1","Scaffold_9758__1_contigs__length_1062",3167660.5,1
"4.1","Scaffold_7640__1_contigs__length_1295",4759065,-1
"4.1","Scaffold_301__1_contigs__length_11360",6213858.77063095,1
"4.1","Scaffold_22__1_contigs__length_19532606",9808727.60222905,1
"4.1","Scaffold_482__1_contigs__length_8579",14574873,1
"4.1","Scaffold_3147__1_contigs__length_3001",15648325,-1
"4.1","Scaffold_7003__1_contigs__length_1400",15762071.5,-1
"4.1","Scaffold_2223__1_contigs__length_3761",15764083,-1
"4.1","Scaffold_604__1_contigs__length_7788",16427679,-1
"4.1","Scaffold_6817__1_contigs__length_1434",17859402,1
"5","Scaffold_2787__1_contigs__length_3229",297957.5,-1
"5","Scaffold_2624__1_contigs__length_3366",2078285.5,1
"5","Scaffold_3917__1_contigs__length_2449",2298777,-1
"5","Scaffold_832__1_contigs__length_6601",2428428.5,-1
"5","Scaffold_4238__1_contigs__length_2246",8521578.5,1
"5","Scaffold_1333__1_contigs__length_5321",8893092.55884377,1
"5","Scaffold_336__1_contigs__length_10459",9152275,1
"5","Scaffold_1010__1_contigs__length_6070",9157645.31933663,1
"5","Scaffold_462__1_contigs__length_8768",13110308.5,-1
"5","Scaffold_10378__1_contigs__length_1006",14602276,-1
"5","Scaffold_843__1_contigs__length_6579",24969646,-1
"5","Scaffold_798__1_contigs__length_6776",26324845,-1
"5","Scaffold_2673__1_contigs__length_3321",29872557,-1
"5","Scaffold_2765__1_contigs__length_3249",30524299.5,-1
"5","Scaffold_7__1_contigs__length_62267870",31274716.9842688,1
"5","Scaffold_3306__1_contigs__length_2867",31725870.5,1
"5","Scaffold_3255__1_contigs__length_2908",32711402,1
"5","Scaffold_4277__1_contigs__length_2225",35825685.5,-1
"5","Scaffold_2028__1_contigs__length_3993",44487148,1
"5","Scaffold_9420__1_contigs__length_1093",47669160,-1
"5","Scaffold_4683__1_contigs__length_2033",49150648,-1
"5","Scaffold_1381__1_contigs__length_5174",55366385,1
"5","Scaffold_3357__1_contigs__length_2831",59587934,-1
"5","Scaffold_7091__1_contigs__length_1382",59931957,1
"5","Scaffold_901__1_contigs__length_6410",59935919.1785268,1
"5","Scaffold_110__1_contigs__length_22484",60263511.4719333,1
"5","Scaffold_109__1_contigs__length_22504",60269895.1030822,1
"5","Scaffold_200__1_contigs__length_14731",60285723.5,1
"5","Scaffold_7734__1_contigs__length_1280",60486376,1
"5","Scaffold_3272__1_contigs__length_2897",60666763,1
"5","Scaffold_4865__1_contigs__length_1963",60695039.5,-1
"5","Scaffold_4580__1_contigs__length_2083",60735681,1
"5","Scaffold_2328__1_contigs__length_3664",60737158,1
"5","Scaffold_1710__1_contigs__length_4466",60740823.5,1
"5","Scaffold_7960__1_contigs__length_1250",60784891,-1
"5","Scaffold_2467__1_contigs__length_3509",60841827.5,-1
"5","Scaffold_2967__1_contigs__length_3096",61021719,-1
"5","Scaffold_3073__1_contigs__length_3042",61055669,1
"5","Scaffold_7139__1_contigs__length_1371",61067545.5,1
"5","Scaffold_7058__1_contigs__length_1388",61068517,1
"5","Scaffold_2696__1_contigs__length_3308",61079804,-1
"5","Scaffold_2702__1_contigs__length_3306",61079804,1
"5","Scaffold_156__1_contigs__length_17875",61093261.8784404,-1
"5","Scaffold_2523__1_contigs__length_3455",61099555.5,-1
"5","Scaffold_5858__1_contigs__length_1637",61105601.5,-1
"5","Scaffold_2272__1_contigs__length_3714",61137919.5,1
"5","Scaffold_3890__1_contigs__length_2469",61161591,1
"5","Scaffold_1093__1_contigs__length_5874",61164383,1
"5","Scaffold_4348__1_contigs__length_2190",61166626,1
"5","Scaffold_2171__1_contigs__length_3827",61172239.5,1
"5","Scaffold_2338__1_contigs__length_3649",61174537,1
"5","Scaffold_1996__1_contigs__length_4039",61178573,1
"5","Scaffold_1799__1_contigs__length_4332",61178576.5,1
"5","Scaffold_9076__1_contigs__length_1123",61183521.5,1
"5","Scaffold_845__1_contigs__length_6576",61188042.5,1
"5","Scaffold_4533__1_contigs__length_2103",61191440.5,-1
"5","Scaffold_3823__1_contigs__length_2518",61201522,-1
"5","Scaffold_7531__1_contigs__length_1311",61204641,-1
"5","Scaffold_2106__1_contigs__length_3902",61295396,-1
"5","Scaffold_7196__1_contigs__length_1363",61344537.5,-1
"5","Scaffold_7813__1_contigs__length_1268",61370819.5,1
"5","Scaffold_6228__1_contigs__length_1552",61372967.5,1
"5","Scaffold_4543__1_contigs__length_2098",61393607,-1
"5","Scaffold_7462__1_contigs__length_1322",61422113.5,-1
"5","Scaffold_9652__1_contigs__length_1071",61426366.5,-1
"6","Scaffold_3399__1_contigs__length_2810",2032407.5,-1
"6","Scaffold_571__1_contigs__length_7909",3355473,-1
"6","Scaffold_1926__1_contigs__length_4149",3452574.5,-1
"6","Scaffold_5057__1_contigs__length_1881",3920494,1
"6","Scaffold_8__1_contigs__length_35685229",18303868.5640955,-1
"6","Scaffold_1728__1_contigs__length_4435",25154166.5,-1
"6","Scaffold_1138__1_contigs__length_5772",29041944.5,-1
"6","Scaffold_7392__1_contigs__length_1332",31418286.5,-1
"6","Scaffold_2800__1_contigs__length_3221",32485503,-1
"6","Scaffold_2910__1_contigs__length_3136",32488651,1
"6","Scaffold_3729__1_contigs__length_2578",33087079.5,-1
"6","Scaffold_6514__1_contigs__length_1490",33342725,-1
"6","Scaffold_2304__1_contigs__length_3687",33464806,-1
"6","Scaffold_7524__1_contigs__length_1312",34195944,-1
"6","Scaffold_1756__1_contigs__length_4396",34501397.1336842,-1
"6","Scaffold_1844__1_contigs__length_4276",34650321.9017094,1
"6","Scaffold_7071__1_contigs__length_1386",34660284.5,-1
"6","Scaffold_2061__1_contigs__length_3951",34661349.5,1
"6","Scaffold_3049__1_contigs__length_3051",35110807.5365314,1
"7","Scaffold_5096__1_contigs__length_1865",288332.5,1
"7","Scaffold_2564__1_contigs__length_3425",1482729,-1
"7","Scaffold_3865__1_contigs__length_2492",1750368.5,1
"7","Scaffold_4434__1_contigs__length_2154",1750795.5,-1
"7","Scaffold_3110__1_contigs__length_3019",2254730.5,1
"7","Scaffold_2143__1_contigs__length_3867",2255312,-1
"7","Scaffold_3085__1_contigs__length_3036",3099513.5,1
"7","Scaffold_570__1_contigs__length_7912",3101914,1
"7","Scaffold_9220__1_contigs__length_1111",3388287.5,-1
"7","Scaffold_4909__1_contigs__length_1943",3411150,-1
"7","Scaffold_5211__1_contigs__length_1822",8928921,-1
"7","Scaffold_32__1_contigs__length_5435730",10244652.9998019,-1
"7","Scaffold_1156__1_contigs__length_5720",10281473.5,-1
"7","Scaffold_3027__1_contigs__length_3065",10374366,1
"7","Scaffold_4451__1_contigs__length_2141",11623438,-1
"7","Scaffold_961__1_contigs__length_6222",13926284,-1
"7","Scaffold_6767__1_contigs__length_1445",15659213,-1
"7","Scaffold_873__1_contigs__length_6484",16327810.5,1
"7","Scaffold_3664__1_contigs__length_2625",17349260,-1
"7","Scaffold_781__1_contigs__length_6912",18843091.5,1
"7","Scaffold_1056__1_contigs__length_5979",19371100,-1
"7","Scaffold_16__1_contigs__length_31385163",19608861.6063107,1
"7","Scaffold_2767__1_contigs__length_3246",23575085,-1
"7","Scaffold_3508__1_contigs__length_2723",23577446.5,-1
"7","Scaffold_2327__1_contigs__length_3664",23729691.5,1
"7","Scaffold_2899__1_contigs__length_3142",26669069.5,1
"7","Scaffold_461__1_contigs__length_8769",27042850,1
"7","Scaffold_9159__1_contigs__length_1116",35363270.5,1
"7","Scaffold_9820__1_contigs__length_1056",35704330.5,-1
"7","Scaffold_577__1_contigs__length_7889",35730480.2080497,1
"7","Scaffold_587__1_contigs__length_7859",35895560.397823,-1
"7","Scaffold_5094__1_contigs__length_1865",35904944.5,-1
"7","Scaffold_4210__1_contigs__length_2264",36073689,-1
"7","Scaffold_1656__1_contigs__length_4576",36077149.5,1
"7","Scaffold_3133__1_contigs__length_3007",36170856,-1
"7","Scaffold_4741__1_contigs__length_2014",36172431,-1
"7","Scaffold_9352__1_contigs__length_1100",36532373.5,1
"7","Scaffold_5995__1_contigs__length_1604",36593843,-1
"7","Scaffold_787__1_contigs__length_6879",37467702.5,1
"7","Scaffold_2142__1_contigs__length_3869",37629233.5,1
"8","Scaffold_3679__1_contigs__length_2614",373447.5,1
"8","Scaffold_471__1_contigs__length_8697",388018.731863899,1
"8","Scaffold_2193__1_contigs__length_3806",394067.568280467,1
"8","Scaffold_1259__1_contigs__length_5500",398763.09119148,1
"8","Scaffold_437__1_contigs__length_8954",771997.5,-1
"8","Scaffold_2731__1_contigs__length_3266",1603271,1
"8","Scaffold_3814__1_contigs__length_2522",1606533,-1
"8","Scaffold_4350__1_contigs__length_2190",1765572.5,1
"8","Scaffold_2511__1_contigs__length_3467",6324401,1
"8","Scaffold_17__1_contigs__length_31071440",15306429.5464981,1
"8","Scaffold_9424__1_contigs__length_1093",17257698,-1
"8","Scaffold_86__1_contigs__length_25615",19637609.8988935,1
"8","Scaffold_562__1_contigs__length_7971",19655705,1
"8","Scaffold_2424__1_contigs__length_3548",26128305,-1
"8","Scaffold_5137__1_contigs__length_1853",28174006,-1
"8","Scaffold_1172__1_contigs__length_5688",28324046,1
"8","Scaffold_6579__1_contigs__length_1481",29309556,1
"9","Scaffold_6949__1_contigs__length_1408",828212.5,1
"9","Scaffold_4801__1_contigs__length_1986",1077870.5,-1
"9","Scaffold_8535__1_contigs__length_1177",1338439,1
"9","Scaffold_4616__1_contigs__length_2066",1987537,-1
"9","Scaffold_1963__1_contigs__length_4082",2861860,-1
"9","Scaffold_1151__1_contigs__length_5733",2905173.63479231,-1
"9","Scaffold_3321__1_contigs__length_2856",3620335.5,-1
"9","Scaffold_4881__1_contigs__length_1958",3671018,-1
"9","Scaffold_1334__1_contigs__length_5315",12090393,-1
"9","Scaffold_18__1_contigs__length_25274884",12953096.8352045,-1
"9","Scaffold_3280__1_contigs__length_2892",13943934,1
"9","Scaffold_421__1_contigs__length_9076",16644965.3285816,-1
"9","Scaffold_358__1_contigs__length_9967",16651222.5,-1
"9","Scaffold_485__1_contigs__length_8566",18202539,-1
"9","Scaffold_4828__1_contigs__length_1979",21707976.5,1
"9","Scaffold_1436__1_contigs__length_5088",21711740,-1
"9","Scaffold_1575__1_contigs__length_4771",22339132,1
"9","Scaffold_888__1_contigs__length_6443",23174074.6721602,-1
"9","Scaffold_1239__1_contigs__length_5545",23602094,-1
"9","Scaffold_3549__1_contigs__length_2697",23606656,-1
"9","Scaffold_3420__1_contigs__length_2790",23650967.5,-1
"9","Scaffold_1241__1_contigs__length_5541",23655682.959421,1
"9","Scaffold_5992__1_contigs__length_1604",23658775,-1
"9","Scaffold_4409__1_contigs__length_2164",23727765,1
